レコード番号,案件管理CD(自動採番),会計CD,ブランド名,ブランド名(その他),物件名称,物件名称（カナ）,【PS】物件No,郵便番号,地図表示用 所在地,緯度_代表点,経度_代表点,確認日_代表点,緯度_入口指定,経度_入口指定,確認日_入口指定,確認方法,入口座標フラグ,入口座標の郵便番号,入口座標の都道府県,入口座標の市区町村,入口座標の町域以降,入口座標の建物名,備考,都道府県,市区町村,町域,丁,番,号,複数の番地,建物および階,補足情報（今までの経緯や駐車場の入口に関する情報等）,所在地(謄本地番),丁,番,号,複数の番地,開設日,閉鎖日,四輪(時間貸),自動二輪(時間貸),自転車(時間貸),時間貸台数,四輪(月極),自動二輪(月極),自転車(月極),月極台数
4539,P1000014,1010140,Dﾊﾟｰｷﾝｸﾞ,,函館松風町PS第4,ハコダテマツカゼチョウピーエスダイヨン,TOK8500070,040-0035,北海道函館市松風町12-13,,,,,,,,,,,,,,,北海道,函館市,松風町12-13,,,,,,,北海道函館市松風町12-13,,,,,2024/09/13,,12,0,0,12,0,,,0
4540,P1000015,1010141,Dﾊﾟｰｷﾝｸﾞ,,函館元町PS第1,ハコダテモトマチピーエスダイイチ,TOK8500071,040-0054,北海道函館市元町24-17,,,,,,,,,,,,,,,北海道,函館市,元町24-17,,,,,,,北海道函館市元町24-17,,,,,2024/09/13,,10,0,0,10,0,,,0
4542,P1000087,1040086,Dﾊﾟｰｷﾝｸﾞ,,鉄砲町PS第2,テッポウマチピーエスダイニ,SND7800190,983-0861,宮城県仙台市宮城野区鉄砲町東1-7,,,,,,,,,,,,,,,宮城県,仙台市宮城野区,鉄砲町東1-7,,,,,,,宮城県仙台市宮城野区鉄砲町東1-7,,,,,2016/10/05,,0,0,0,0,3,,,3
4543,P1000108,1040109,Dﾊﾟｰｷﾝｸﾞ,,二十人町PS第1,ニジュウニンマチピーエスダイイチ,SND8500027,9830862,宮城県仙台市宮城野区二十人町309,,,,,,,,,,,,,,,宮城県,仙台市宮城野区,二十人町309,,,,,,,宮城県仙台市宮城野区二十人町309,,,,,2025/04/01,,8,0,0,8,0,,,0
4545,P1000241,1131581,Dﾊﾟｰｷﾝｸﾞ,,花畑6丁目PS第1,ハナハタロクチョウメピーエスダイイチ,TOK8100013,1210061,東京都足立区花畑6丁目28-21,,,,,,,,,,,,,,,東京都,足立区,花畑6丁目28-21,,,,,,,東京都足立区花畑6丁目28-21,,,,,2020/05/13,,6,0,0,6,0,,,0
4546,P1000305,1140563,Dﾊﾟｰｷﾝｸﾞ,,鎌倉腰越PS第1,カマクラコシゴエ,HIR8500002,248-0033,神奈川県鎌倉市腰越３丁目２２-１,,,,,,,,,,,,,,,神奈川県,鎌倉市,腰越３丁目２２-１,,,,,,,神奈川県鎌倉市腰越３丁目２２-１,,,,,2024/05/30,,19,0,0,19,0,,,0
4547,P1000306,1140564,Dﾊﾟｰｷﾝｸﾞ,,横浜岸谷PS第1,ヨコハマキシヤ,HIR8500005,230-0078,神奈川県横浜市鶴見区岸谷1丁目１７－８,,,,,,,,,,,,,,,神奈川県,横浜市鶴見区,岸谷1丁目１７－８,,,,,,,神奈川県横浜市鶴見区岸谷1丁目１７－８,,,,,2024/06/18,,6,0,0,6,0,,,0
4549,P1000309,1140567,Dﾊﾟｰｷﾝｸﾞ,,藤沢高谷PS第1,フジサワタカヤ,HIR8500020,251-0017,神奈川県藤沢市高谷534番,,,,,,,,,,,,,,,神奈川県,藤沢市,高谷534番,,,,,,,神奈川県藤沢市高谷534番,,,,,2024/11/01,,5,0,0,5,0,,,0
4550,P1000310,1140568,Dﾊﾟｰｷﾝｸﾞ,,川和町駅前PS第1,カワワチョウエキマエ,HIR8500021,224-0057,"神奈川県横浜市都筑区川和町3006,30",,,,,,,,,,,,,,,神奈川県,横浜市都筑区,"川和町3006,30",,,,,,,"神奈川県横浜市都筑区川和町3006,30",,,,,2024/11/13,,33,0,0,33,0,,,0
4553,P1000313,1140571,Dﾊﾟｰｷﾝｸﾞ,,都筑ふれあいの丘駅PS第1,ツヅキフレアイノオカエキピーエス,HIR8600001,224-0065,神奈川県横浜市都筑区高山8-15隣,,,,,,,,,,,,,,,神奈川県,横浜市都筑区,高山8-15隣,,,,,,,神奈川県横浜市都筑区高山8-15隣,,,,,2025/05/22,,25,0,0,25,0,,,0
4554,P1000314,1140572,Dﾊﾟｰｷﾝｸﾞ,,相模湖駅前PS第1,サガミコエキマエピーエスダイイチ,HIR8600005,252-0172,神奈川県相模原市緑区与瀬本町12-1,,,,,,,,,,,,,,,神奈川県,相模原市緑区,与瀬本町12-1,,,,,,,神奈川県相模原市緑区与瀬本町12-1,,,,,2025/07/31,,7,0,0,7,0,,,0
4555,P1000315,1140573,Dﾊﾟｰｷﾝｸﾞ,,西区藤棚町PS第1,ニシクフジダナチョウ,HIR8600006,2200053,神奈川県横浜市西区藤棚町2-178-31,,,,,,,,,,,,,,,神奈川県,横浜市西区,藤棚町2-178-31,,,,,,,神奈川県横浜市西区藤棚町2-178-31,,,,,2025/07/14,,1,0,0,1,1,,,1
4556,P1000316,1140574,その他,,秦野市鶴巻月極駐車場,ハダノシツルマキツキギメチュウウシャジョ,HIR8600020,257-0007,神奈川県秦野市鶴巻2121,,,,,,,,,,,,,,,神奈川県,秦野市,鶴巻2121,,,,,,,神奈川県秦野市鶴巻2121,,,,,2025/03/01,,0,0,0,0,3,,,3
4560,P1000475,1270803,その他,,Pat東住吉区北田辺2丁目第2,パットヒガシスミヨシクキタタナベニチョウメダイニ,OSK7900096,546-0044,大阪府大阪市東住吉区北田辺2丁目85,,,,,,,,,,,,,,,大阪府,大阪市東住吉区,北田辺2丁目85,,,,,,,大阪府大阪市東住吉区北田辺2丁目85,,,,,2019/02/08,,0,0,0,0,22,,,22
4561,P1000476,1270804,その他,,Pat東住吉区北田辺2丁目第3,パットヒガシスミヨシクキタタナベニチョウメダイサン,OSK7900097,546-0044,大阪府大阪市東住吉区北田辺2丁目4,,,,,,,,,,,,,,,大阪府,大阪市東住吉区,北田辺2丁目4,,,,,,,大阪府大阪市東住吉区北田辺2丁目4,,,,,2019/03/08,,0,0,0,0,11,,,11
4562,P1000477,1270805,その他,,Pat東住吉区北田辺2丁目第4,パットヒガシスミヨシクキタタナベニチョウメダイヨン,OSK7900098,546-0044,大阪府大阪市東住吉区北田辺2丁目55,,,,,,,,,,,,,,,大阪府,大阪市東住吉区,北田辺2丁目55,,,,,,,大阪府大阪市東住吉区北田辺2丁目55,,,,,2019/02/08,,0,0,0,0,30,,,30
4563,P1000516,1270847,その他,,加島1丁目月極駐車場,カシマイッチョウメツキギメチュウシャジョウ,OSK8500027,532-0031,大阪府大阪市淀川区加島1丁目61-5,,,,,,,,,,,,,,,大阪府,大阪市淀川区,加島1丁目61-5,,,,,,,大阪府大阪市淀川区加島1丁目61-5,,,,,2024/06/19,,0,0,0,0,6,,,6
4564,P1000548,1290072,その他,,ならまち若草第2 第3ﾓｰﾀｰﾌﾟｰﾙ,ナラマチダイニダイサンモータープール,OSN7900003,630-8301,奈良県奈良市高畑町1117-3,,,,,,,,,,,,,,,奈良県,奈良市,高畑町1117-3,,,,,,,奈良県奈良市高畑町1117-3,,,,,2019/01/15,,18,0,0,18,0,,,0
4565,P1000743,1401197,タイムパーク,,九大新町,キュウダイシンマチ,FOK7900001,819-0388,福岡県福岡市西区九大新町6,,,,,,,,,,,,,,,福岡県,福岡市西区,九大新町6,,,,,,,福岡県福岡市西区九大新町6,,,,,2018/07/01,,8,0,0,8,0,,,0
4566,P1000001,1010127,タイムパーク,,北10条東3丁目第1,キタジュウジョウヒガシサンチョウメダイイチ,TOK8000010,065-0010,北海道札幌市東区北10条東3丁目1,,,,,,,,,,,,,,,北海道,札幌市東区,北10条東3丁目1,,,,,,,北海道札幌市東区北10条東3丁目1,,,,,2019/05/11,,11,0,0,11,49,,,49
4569,P1000004,1010130,Dﾊﾟｰｷﾝｸﾞ,,函館本町PS第2,ハコダテホンチョウ,TOK8300036,040-0011,北海道函館市本町22-2,,,,,,,,,,,,,,,北海道,函館市,本町22-2,,,,,,,北海道函館市本町22-2,,,,,2022/08/06,,22,0,0,22,0,,,0
4570,P1000005,1010131,Dﾊﾟｰｷﾝｸﾞ,,函館本町PS第3,ハコダテホンチョウピーエスダイサン,TOK8300109,040-0011,北海道函館市本町23-87,,,,,,,,,,,,,,,北海道,函館市,本町23-87,,,,,,,北海道函館市本町23-87,,,,,2023/03/27,,9,0,0,9,0,,,0
4571,P1000006,1010132,Dﾊﾟｰｷﾝｸﾞ,,函館松風町PS第1,ハコダテマツカゼチョウピーエスダイイチ,TOK8300110,040-0035,北海道函館市松風町8－13,,,,,,,,,,,,,,,北海道,函館市,松風町8－13,,,,,,,北海道函館市松風町8－13,,,,,2023/03/27,,9,0,0,9,4,,,4
4572,P1000007,1010133,Dﾊﾟｰｷﾝｸﾞ,,函館松風町PS第3,ハコダテマツカゼチョウピーエスダイサン,TOK8300112,040-0035,北海道函館市松風町5－9隣,,,,,,,,,,,,,,,北海道,函館市,松風町5－9隣,,,,,,,北海道函館市松風町5－9隣,,,,,2023/03/27,,10,0,0,10,14,,,14
4573,P1000008,1010134,Dﾊﾟｰｷﾝｸﾞ,,函館本町PS第4,ハコダテホンチョウピーエスダイヨン,TOK8400001,040-0011,北海道函館市本町9-3隣,,,,,,,,,,,,,,,北海道,函館市,本町9-3隣,,,,,,,北海道函館市本町9-3隣,,,,,2023/04/24,,6,0,0,6,18,,,18
4574,P1000009,1010135,Dﾊﾟｰｷﾝｸﾞ,,函館本町PS第5,ハコダテホンチョウピーエスダイゴ,TOK8400016,040-0011,北海道函館市本町18-1隣,,,,,,,,,,,,,,,北海道,函館市,本町18-1隣,,,,,,,北海道函館市本町18-1隣,,,,,2023/06/09,,10,0,0,10,4,,,4
4575,P1000010,1010136,Dﾊﾟｰｷﾝｸﾞ,,小樽市花園2丁目PS第1,オタルシハナゾノニチョウメ,TOK8400082,047-0024,北海道小樽市花園２丁目８－１５,,,,,,,,,,,,,,,北海道,小樽市,花園２丁目８－１５,,,,,,,北海道小樽市花園２丁目８－１５,,,,,2024/02/21,,7,0,0,7,0,,,0
4576,P1000011,1010137,Dﾊﾟｰｷﾝｸﾞ,,函館千代台町PS第1,ハコダテチヨダイチョウピーエスダイイチ,TOK8400123,040-0013,北海道函館市千代台町28-10隣,,,,,,,,,,,,,,,北海道,函館市,千代台町28-10隣,,,,,,,北海道函館市千代台町28-10隣,,,,,2024/04/15,,11,0,0,11,0,,,0
4577,P1000012,1010138,Dﾊﾟｰｷﾝｸﾞ,,函館本町PS第6,ディーパーキングハコダテホンチョウピーエスダイロク,TOK8400126,040-0011,北海道函館市本町5-22,,,,,,,,,,,,,,,北海道,函館市,本町5-22,,,,,,,北海道函館市本町5-22,,,,,2024/04/15,,26,0,0,26,18,,,18
4578,P1000013,1010139,タイムパーク,,旭川4条通10丁目,アサヒカワヨンジョウドオリジュッチョウメ,TOK8500006,070-0034,北海道旭川市4条通10丁目2189,,,,,,,,,,,,,,,北海道,旭川市,4条通10丁目2189,,,,,,,北海道旭川市4条通10丁目2189,,,,,2024/06/03,,49,0,0,49,0,,,0
4579,P1000016,1010142,Dﾊﾟｰｷﾝｸﾞ,,旭川PS第3,アサヒカワピーエスダイサン,TOK8500095,070-0031,北海道旭川市1条通6丁目39-3,,,,,,,,,,,,,,,北海道,旭川市,1条通6丁目39-3,,,,,,,北海道旭川市1条通6丁目39-3,,,,,2024/11/05,,6,0,0,6,0,,,0
4580,P1000017,1010143,Dﾊﾟｰｷﾝｸﾞ,,旭川PS第1,アサヒカワピーエスダイイチ,TOK8500096,070-0032,北海道旭川市2条通7丁目384-2,,,,,,,,,,,,,,,北海道,旭川市,2条通7丁目384-2,,,,,,,北海道旭川市2条通7丁目384-2,,,,,2024/11/01,,20,0,0,20,0,,,0
4581,P1000018,1010144,Dﾊﾟｰｷﾝｸﾞ,,旭川PS第2,アサヒカワピーエスダイニ,TOK8500097,070-0031,北海道旭川市1条通10丁目2068-1,,,,,,,,,,,,,,,北海道,旭川市,1条通10丁目2068-1,,,,,,,北海道旭川市1条通10丁目2068-1,,,,,2024/11/01,,20,0,0,20,0,,,0
4582,P1000019,1020004,Dﾊﾟｰｷﾝｸﾞ,,弘前土手町PS第1,ヒロサキドテマチピーエスダイイチ,SND8500005,036-8182,青森県弘前市土手町１３５,,,,,,,,,,,,,,,青森県,弘前市,土手町１３５,,,,,,,青森県弘前市土手町１３５,,,,,2024/06/01,,35,0,0,35,10,,,10
4584,P1000021,1030003,Dﾊﾟｰｷﾝｸﾞ,,盛岡志家町PS第1,モリオカシケチョウピーエスダイイチ,SND8300018,020-0883,岩手県盛岡市志家町1,,,,,,,,,,,,,,,岩手県,盛岡市,志家町1,,,,,,,岩手県盛岡市志家町1,,,,,2023/03/11,,25,0,0,25,1,,,1
4585,P1000022,1030004,タイムパーク,,上ﾉ橋町PS第1,イワテケンモリオカシカミノハシマチサン－イチ,SND8300020,020-0887,岩手県盛岡市上ノ橋町3-1,,,,,,,,,,,,,,,岩手県,盛岡市,上ノ橋町3-1,,,,,,,岩手県盛岡市上ノ橋町3-1,,,,,2023/03/31,,13,0,0,13,4,,,4
4587,P1000024,1030006,Dﾊﾟｰｷﾝｸﾞ,,盛岡八幡町PS第1,モリオカハチマンマチピーエスダイイチ,SND8500028,020-0872,岩手県盛岡市八幡町75-1,,,,,,,,,,,,,,,岩手県,盛岡市,八幡町75-1,,,,,,,岩手県盛岡市八幡町75-1,,,,,2025/02/28,,6,0,0,6,0,,,0
4588,P1000025,1030007,Dﾊﾟｰｷﾝｸﾞ,,盛岡中央通PS第4,モリオカチュウオウトオリピーエスダイヨン,SND8600010,020-0021,岩手県盛岡市中央通２丁目11-15,,,,,,,,,,,,,,,岩手県,盛岡市,中央通２丁目11-15,,,,,,,岩手県盛岡市中央通２丁目11-15,,,,,2025/08/29,,25,0,0,25,0,,,0
4626,P1000064,1040063,Dﾊﾟｰｷﾝｸﾞ,,長町PS第1【仙台市】,ナガマチピーエスダイイチ,SND7800158,982-0011,宮城県仙台市太白区長町五丁目7-1,,,,,,,,,,,,,,,宮城県,仙台市太白区,長町五丁目7-1,,,,,,,宮城県仙台市太白区長町五丁目7-1,,,,,2003/11/01,,12,0,0,12,0,,,0
4633,P1000071,1040070,Dﾊﾟｰｷﾝｸﾞ,,富沢駅前,トミザワエキマエ,SND7800167,982-0014,宮城県仙台市太白区大野田5,,,,,,,,,,,,,,,宮城県,仙台市太白区,大野田5,,,,,,,宮城県仙台市太白区大野田5,,,,,2014/08/01,,23,0,0,23,0,,,0
4635,P1000073,1040072,Dﾊﾟｰｷﾝｸﾞ,,東二番丁PS第1,ヒガシニバンチョウドオリピーエスダイイチ,SND7800170,980-0023,宮城県仙台市青葉区北目町７-3,,,,,,,,,,,,,,,宮城県,仙台市青葉区,北目町７-3,,,,,,,宮城県仙台市青葉区北目町７-3,,,,,2014/10/01,,17,0,0,17,0,,,0
4641,P1000079,1040078,タイムパーク,,泉中央№2,イズミチュウオウナンバーニ,SND7800179,981-3133,宮城県仙台市泉区泉中央1-18-11,,,,,,,,,,,,,,,宮城県,仙台市泉区,泉中央1-18-11,,,,,,,宮城県仙台市泉区泉中央1-18-11,,,,,2015/06/16,,19,0,0,19,0,,,0
4660,P1000099,1040100,タイムパーク,,中山4丁目,センダイナカヤマヨンチョウメ,SND8100005,981-0952,宮城県仙台市青葉区中山4丁目1-1,,,,,,,,,,,,,,,宮城県,仙台市青葉区,中山4丁目1-1,,,,,,,宮城県仙台市青葉区中山4丁目1-1,,,,,2020/04/10,,10,0,0,10,0,,,0
4663,P1000102,1040103,Dﾊﾟｰｷﾝｸﾞ,,志波町PS第1,シワマチピーエスダイイチ,SND8200030,984-0041,宮城県仙台市若林区志波町18ｰ11,,,,,,,,,,,,,,,宮城県,仙台市若林区,志波町18ｰ11,,,,,,,宮城県仙台市若林区志波町18ｰ11,,,,,2022/03/01,,5,0,0,5,3,,,3
4664,P1000103,1040104,Dﾊﾟｰｷﾝｸﾞ,,土樋PS第2,ツチトイピーエスダイイチ,SND8500007,984-0065,宮城県仙台市若林区土樋８ パルメゾン土樋,,,,,,,,,,,,,,,宮城県,仙台市若林区,土樋８ パルメゾン土樋,,,,,,,宮城県仙台市若林区土樋８ パルメゾン土樋,,,,,2024/06/21,,7,0,0,7,0,,,0
4665,P1000104,1040105,Dﾊﾟｰｷﾝｸﾞ,,小田原PS第3,オダワラピーエスダイサン,SND8500008,980-0003,宮城県仙台市宮城野区小田原１,,,,,,,,,,,,,,,宮城県,仙台市青葉区,仙台市宮城野区小田原１,,,,,,,宮城県仙台市宮城野区小田原１,,,,,2024/07/02,,6,0,0,6,24,,,24
4666,P1000105,1040106,Dﾊﾟｰｷﾝｸﾞ,,北仙台PS第2,ディパーキングキタセンダイピーエスダイニ,SND8500013,981-0916,宮城県仙台市青葉区青葉町153番4、153番5,,,,,,,,,,,,,,,宮城県,仙台市青葉区,青葉町153番4、153番5,,,,,,,宮城県仙台市青葉区青葉町153番4、153番5,,,,,2024/10/01,,10,0,0,10,0,,,0
4667,P1000106,1040107,Dﾊﾟｰｷﾝｸﾞ,,松岡町PS第1,マツオカチョウピーエスダ,SND8500015,983-0834,宮城県仙台市宮城野区松岡町２０-７,,,,,,,,,,,,,,,宮城県,仙台市宮城野区,松岡町２０-７,,,,,,,宮城県仙台市宮城野区松岡町２０-７,,,,,2024/10/25,,10,0,0,10,0,,,0
4671,P1000111,1040112,Dﾊﾟｰｷﾝｸﾞ,,春日町PS第12,カスガマチピィーエスダイジュウニ,SND8600007,980-0821,宮城県仙台市青葉区春日町５,,,,,,,,,,,,,,,宮城県,仙台市青葉区,春日町５,,,,,,,宮城県仙台市青葉区春日町５,,,,,2025/07/11,,14,0,0,14,0,,,0
4672,P1000112,1040113,Dﾊﾟｰｷﾝｸﾞ,,小田原弓ﾉ町PS第1,オダワラユミノマチピーエスダイイチ,SND8600008,9830812,宮城県仙台市宮城野区小田原弓ノ町,,,,,,,,,,,,,,,宮城県,仙台市宮城野区,小田原弓ノ町,,,,,11月6日,,宮城県仙台市宮城野区小田原弓ノ町,,,,,2025/08/08,,24,0,0,24,0,,,0
4673,P1000113,1040114,Dﾊﾟｰｷﾝｸﾞ,,榴岡PS第3,ツツジガオカピーエスダイサン,SND8600009,9830852,宮城県仙台市宮城野区榴岡5-8-22,,,,,,,,,,,,,,,宮城県,仙台市宮城野区,榴岡5-8-22,,,,,,,宮城県仙台市宮城野区榴岡5-8-22,,,,,2025/08/08,,16,0,0,16,0,,,0
4674,P1000114,1040115,Dﾊﾟｰｷﾝｸﾞ,,宮城県庁前PS第1,ミヤギケンチョウマエピーエスダイイイチ,SND8600020,980-0014,宮城県仙台市青葉区本町3-5-28,,,,,,,,,,,,,,,宮城県,仙台市青葉区,本町3-5-28,,,,,,,宮城県仙台市青葉区本町3-5-28,,,,,2025/10/06,,12,0,0,12,0,,,0
4675,P1000115,1050001,Dﾊﾟｰｷﾝｸﾞ,,秋田中通4丁目PS第1,ディパーキングアキタナカトオリピーエスダイイイチ,SND8500022,010-0001,秋田県秋田市中通４丁目１?５５,,,,,,,,,,,,,,,秋田県,秋田市,中通４丁目１?５５,,,,,,,秋田県秋田市中通４丁目１?５５,,,,,2025/02/01,,23,0,0,23,13,,,13
4676,P1000116,1070014,Dﾊﾟｰｷﾝｸﾞ,,堤下町PS第1,ツツミシタピーエスダイイチ,SND8400023,963-8878,福島県郡山市堤下町９?１１,,,,,,,,,,,,,,,福島県,郡山市,堤下町９?１１,,,,,,,福島県郡山市堤下町９?１１,,,,,2024/04/01,,8,0,0,8,8,,,8
4677,P1000117,1070015,Dﾊﾟｰｷﾝｸﾞ,,福島三河南町PS第1,フクシマミカワミナミマチピーエスダイイチ,SND8500002,960-8053,福島県福島市三河南町１６-８,,,,,,,,,,,,,,,福島県,福島市,三河南町１６-８,,,,,,,福島県福島市三河南町１６-８,,,,,2024/05/01,,20,0,0,20,0,,,0
4682,P1000122,1090007,Dﾊﾟｰｷﾝｸﾞ,,宮町PS第1【宇都宮市】,ミヤマチダイイチ,UTM7800006,320-0025,栃木県宇都宮市宮町3-17,,,,,,,,,,,,,,,栃木県,宇都宮市,宮町3-17,,,,,,,栃木県宇都宮市宮町3-17,,,,,1994/04/14,,12,0,0,12,1,,,1
4683,P1000123,1090008,Dﾊﾟｰｷﾝｸﾞ,,宮町PS第2【宇都宮市】,ミヤマチダイニ,UTM7800007,320-0025,栃木県宇都宮市宮町3-7,,,,,,,,,,,,,,,栃木県,宇都宮市,宮町3-7,,,,,,,栃木県宇都宮市宮町3-7,,,,,1994/04/14,,6,0,0,6,0,,,0
4703,P1000143,1090028,Dﾊﾟｰｷﾝｸﾞ,,宇都宮南大通りPS第2,ウツノミヤミナミオオドオリダイニ,UTM7800031,321-0963,栃木県宇都宮市南大通り1-9-2.3.4,,,,,,,,,,,,,,,栃木県,宇都宮市,南大通り1-9-2.3.4,,,,,,,栃木県宇都宮市南大通り1-9-2.3.4,,,,,2015/07/11,,4,0,0,4,0,,,0
4711,P1000151,1090037,Dﾊﾟｰｷﾝｸﾞ,,本町PS第7,ホンチョウダイナナ,UTM7800044,320-0033,栃木県宇都宮市本町9-17,,,,,,,,,,,,,,,栃木県,宇都宮市,本町9-17,,,,,,,栃木県宇都宮市本町9-17,,,,,2017/05/01,,7,0,0,7,0,,,0
4716,P1000156,1090042,Dﾊﾟｰｷﾝｸﾞ,,太城PS第5,タシロダイゴ,UTM7800053,320-0814,栃木県宇都宮市三番町3-3-38,,,,,,,,,,,,,,,栃木県,宇都宮市,三番町3-3-38,,,,,,,栃木県宇都宮市三番町3-3-38,,,,,2018/02/09,,12,0,0,12,0,,,0
4717,P1000157,1090043,Dﾊﾟｰｷﾝｸﾞ,,三番町PS第1,サンバンチョウダイニ,UTM7900002,320-0814,栃木県宇都宮市三番町1番28,,,,,,,,,,,,,,,栃木県,宇都宮市,三番町1番28,,,,,,,栃木県宇都宮市三番町1番28,,,,,2018/08/01,,14,0,0,14,0,,,0
4718,P1000158,1090044,その他,,ﾛｰｿﾝ宇都宮宿郷1丁目,ローソンウツノミヤシュクゴウ,UTM7900003,321-0945,栃木県宇都宮市宿郷１丁目18-1,,,,,,,,,,,,,,,栃木県,宇都宮市,宿郷１丁目18-1,,,,,,,栃木県宇都宮市宿郷１丁目18-1,,,,,2018/08/27,,11,0,0,11,0,,,0
4719,P1000159,1090045,Dﾊﾟｰｷﾝｸﾞ,,馬場通りPS第8,ババドオリピーエスダイハチ,UTM7900029,320-0026,栃木県宇都宮市馬場通り３丁目２-５,,,,,,,,,,,,,,,栃木県,宇都宮市,馬場通り３丁目２-５,,,,,,,栃木県宇都宮市馬場通り３丁目２-５,,,,,2019/02/14,,11,0,0,11,1,,,1
4722,P1000162,1090048,Dﾊﾟｰｷﾝｸﾞ,,宇都宮泉町PS第11,ウツノミヤイズミチョウピーエスダイジュウイチ,UTM8000041,320-0034,栃木県宇都宮市泉町1-3,,,,,,,,,,,,,,,栃木県,宇都宮市,泉町1-3,,,,,,,栃木県宇都宮市泉町1-3,,,,,2019/11/27,,24,0,0,24,0,,,0
4723,P1000163,1090049,Dﾊﾟｰｷﾝｸﾞ,,元今泉PS第6,モトイマイズミピーエスダイロク,UTM8300011,321-0954,栃木県宇都宮市元今泉1丁目23-6,,,,,,,,,,,,,,,栃木県,宇都宮市,元今泉1丁目23-6,,,,,,,栃木県宇都宮市元今泉1丁目23-6,,,,,2022/08/05,,5,0,0,5,0,,,0
4724,P1000164,1090050,Dﾊﾟｰｷﾝｸﾞ,,塙田PS第1,ハナワダピーエスダイイチ,UTM8500013,3200027,栃木県宇都宮市塙田4-1,,,,,,,,,,,,,,,栃木県,宇都宮市,塙田4-1,,,,,,,栃木県宇都宮市塙田4-1,,,,,2025/02/03,,16,0,0,16,2,,,2
4725,P1000165,1090051,Dﾊﾟｰｷﾝｸﾞ,,峰PS第2,ミネピーエスダイニ,UTM8600007,3210942,栃木県宇都宮市峰１丁目３３-１,,,,,,,,,,,,,,,栃木県,宇都宮市,峰１丁目３３-１,,,,,,,栃木県宇都宮市峰１丁目３３-１,,,,,2025/10/20,,11,0,0,11,0,,,0
4729,P1000169,1100011,Dﾊﾟｰｷﾝｸﾞ,,伊勢崎駅北口PS第1,イセサキエキキタグチピーエスダイイチ,UTM7800040,372-0056,群馬県伊勢崎市喜多町94-1,,,,,,,,,,,,,,,群馬県,伊勢崎市,喜多町94-1,,,,,,,群馬県伊勢崎市喜多町94-1,,,,,2016/05/01,,41,0,0,41,0,,,0
4731,P1000171,1110224,Dﾊﾟｰｷﾝｸﾞ,,みずほ台PS第1(月極専用),ミズホダイピーエスダイイチ,TOK7800039,354-0018,埼玉県富士見市西みずほ台2-1-8,,,,,,,,,,,,,,,埼玉県,富士見市,西みずほ台2-1-8,,,,,,,埼玉県富士見市西みずほ台2-1-8,,,,,2016/03/01,,0,0,0,0,22,,,22
4732,P1000172,1110225,Dﾊﾟｰｷﾝｸﾞ,,桶川北PS第1,オケガワキタピーエスダイイチ,TOK8500082,363-0011,埼玉県桶川市北１丁目２０－３　裏,,,,,,,,,,,,,,,埼玉県,桶川市,北１丁目２０－３　裏,,,,,,,埼玉県桶川市北１丁目２０－３　裏,,,,,2024/10/10,,4,0,0,4,0,,,0
4733,P1000173,1110226,Dﾊﾟｰｷﾝｸﾞ,,上青木3丁目PS第1,カミアオキサンチョウメピーエスダイイチ,TOK8500137,333-0844,埼玉県川口市上青木3丁目13番2,,,,,,,,,,,,,,,埼玉県,川口市,上青木3丁目13番2,,,,,,,埼玉県川口市上青木3丁目13番2,,,,,2025/02/07,,5,0,0,5,0,,,0
4734,P1000174,1110227,Dﾊﾟｰｷﾝｸﾞ,,齋藤記念病院駐車場,サイトウキネンビョウインチュウシャジョウ,TOK8600053,332-0034,埼玉県川口市並木4丁目6-6,,,,,,,,,,,,,,,埼玉県,川口市,並木4丁目6-6,,,,,,,埼玉県川口市並木4丁目6-6,,,,,2025/08/01,,13,0,0,13,8,,,8
4737,P1000177,1120226,Dﾊﾟｰｷﾝｸﾞ,,薬局くすりの福太郎新柏店PS,ヤッキョククスリノフクタロウ　シンカシワテンピーエス,TOK8000040,277-0084,千葉県柏市新柏1-12-5,,,,,,,,,,,,,,,千葉県,柏市,新柏1-12-5,,,,,,,千葉県柏市新柏1-12-5,,,,,2019/09/27,,37,0,0,37,0,,,0
4740,P1000180,1120229,Dﾊﾟｰｷﾝｸﾞ,,くすりの福太郎 鎌ヶ谷店PS,フクタロウ　カマガヤテン,TOK8100010,273-0137,千葉県鎌ケ谷市道野辺本町2-10-25,,,,,,,,,,,,,,,千葉県,鎌ケ谷市,道野辺本町2-10-25,,,,,,,千葉県鎌ケ谷市道野辺本町2-10-25,,,,,2020/05/12,,61,0,0,61,0,,,0
4742,P1000182,1120231,Dﾊﾟｰｷﾝｸﾞ,,海神町東1丁目PS第1,カイジンチョウヒガシイッチョウメピーエスダイイチ,TOK8300014,273-0028,千葉県船橋市海神町東1丁目1377,,,,,,,,,,,,,,,千葉県,船橋市,海神町東1丁目1377,,,,,,,千葉県船橋市海神町東1丁目1377,,,,,2022/06/01,,10,0,0,10,11,,,11
4743,P1000183,1120232,タイムパーク,,堀江4丁目PS第1,ホリエヨンチョウメピーエスダイイチ,TOK8300041,2790041,千葉県浦安市堀江4-33-27,,,,,,,,,,,,,,,千葉県,浦安市,堀江4-33-27,,,,,,,千葉県浦安市堀江4-33-27,,,,,2022/09/05,,2,0,0,2,0,,,0
4744,P1000184,1120233,Dﾊﾟｰｷﾝｸﾞ,,八幡宿駅前PS第1,ヤワタジュクエキマエピーエスダイイチ,TOK8400008,290-0062,千葉県市原市八幡576-8,,,,,,,,,,,,,,,千葉県,市原市,八幡576-8,,,,,,,千葉県市原市八幡576-8,,,,,2023/05/15,,20,0,0,20,21,,,21
4745,P1000185,1120234,Dﾊﾟｰｷﾝｸﾞ,,木更津富士見PS第2,キサラヅフジミピーエスダイニ,TOK8400077,2920831,千葉県木更津市富士見２丁目１‐２,,,,,,,,,,,,,,,千葉県,木更津市,富士見２丁目１‐２,,,,,,,千葉県木更津市富士見２丁目１‐２,,,,,2023/11/22,,10,0,0,10,0,,,0
4746,P1000186,1120235,Dﾊﾟｰｷﾝｸﾞ,,津田沼前原東PS第1,ツダヌママエハラヒガシピーエスダイイチ,TOK8400127,274-0824,千葉県船橋市前原東3丁目5-15,,,,,,,,,,,,,,,千葉県,船橋市,前原東3丁目5-15,,,,,,,千葉県船橋市前原東3丁目5-15,,,,,2024/04/12,,14,0,0,14,0,,,0
4747,P1000187,1120236,Dﾊﾟｰｷﾝｸﾞ,,薬丸病院第1駐車場,ヤクマルビョウインダイイチチュウシャジョウ,TOK8500004,292-0831,千葉県木更津市富士見２丁目７－１,,,,,,,,,,,,,,,千葉県,木更津市,富士見２丁目７－１,,,,,,,千葉県木更津市富士見２丁目７－１,,,,,2024/04/26,,16,0,0,16,0,,,0
4748,P1000188,1120237,Dﾊﾟｰｷﾝｸﾞ,,薬丸病院第2駐車場,ヤクマルビョウインダイニチュウシャジョウ,TOK8500013,292-0831,千葉県木更津市富士見２丁目８ー４　隣,,,,,,,,,,,,,,,千葉県,木更津市,富士見２丁目８ー４　隣,,,,,,,千葉県木更津市富士見２丁目８ー４　隣,,,,,2024/05/20,,39,0,0,39,2,,,2
4749,P1000189,1120238,Dﾊﾟｰｷﾝｸﾞ,,木更津富士見PS第3,キサラヅフジミピーエスダイサン,TOK8500158,292-0831,千葉県木更津市富士見2丁目5-33,,,,,,,,,,,,,,,千葉県,木更津市,富士見2丁目5-33,,,,,,,千葉県木更津市富士見2丁目5-33,,,,,2025/05/07,,6,0,0,6,38,,,38
4750,P1000190,1120239,Dﾊﾟｰｷﾝｸﾞ,,木更津中央PS第2,キサラヅチュウオウピーエスダイニ,TOK8600028,292-0067,千葉県木更津市中央3丁目1-14,,,,,,,,,,,,,,,千葉県,木更津市,中央3丁目1-14,,,,,,,千葉県木更津市中央3丁目1-14,,,,,2025/08/08,,4,0,0,4,0,,,0
4751,P1000191,1120240,Dﾊﾟｰｷﾝｸﾞ,,木更津中央PS第1,キサラヅチュウオウピーエスダイイチ,TOK8600029,292-0067,千葉県木更津市中央3丁目3-16,,,,,,,,,,,,,,,千葉県,木更津市,中央3丁目3-16,,,,,,,千葉県木更津市中央3丁目3-16,,,,,2025/08/08,,9,0,0,9,54,,,54
4752,P1000192,1131527,Dﾊﾟｰｷﾝｸﾞ,,立川富士見町PS第1,タチカワフジミチョウ,HIR7800016,190-0013,東京都立川市富士見町4丁目8-15,,,,,,,,,,,,,,,東京都,立川市,富士見町4丁目8-15,,,,,,,東京都立川市富士見町4丁目8-15,,,,,2016/12/01,,10,0,0,10,0,,,0
4755,P1000195,1131532,Dﾊﾟｰｷﾝｸﾞ,,東中神駅南口PS第1,ヒガシナガガミエキミナミグチ,HIR8400039,196-0034,東京都昭島市玉川町１丁目５,,,,,,,,,,,,,,,東京都,昭島市,玉川町１丁目５,,,,,,,東京都昭島市玉川町１丁目５,,,,,2024/03/17,,30,5,0,35,0,,,0
4756,P1000197,1131534,Dﾊﾟｰｷﾝｸﾞ,,昭島市中神町PS第1,アキシマシナカガミチョウピーエスダイイチ,HIR8500015,196-0022,東京都昭島市中神町1314-5,,,,,,,,,,,,,,,東京都,昭島市,中神町1314-5,,,,,,,東京都昭島市中神町1314-5,,,,,2024/10/03,,10,0,0,10,0,,,0
4782,P1000223,1131562,Dﾊﾟｰｷﾝｸﾞ,,経堂3丁目PS第1,キョウドウサンチョウメピーエスダイイチ,TOK7800061,156-0052,東京都世田谷区経堂3-30-11,,,,,,,,,,,,,,,東京都,世田谷区,経堂3-30-11,,,,,,,東京都世田谷区経堂3-30-11,,,,,2017/09/19,,4,0,0,4,0,,,0
4789,P1000230,1131569,その他,,ﾌｨﾙﾊﾟｰｸ神楽坂,フィルパークカグラザカ,TOK7800071,162-0808,東京都新宿区天神町23-1,,,,,,,,,,,,,,,東京都,新宿区,天神町23-1,,,,,,,東京都新宿区天神町23-1,,,,,2016/03/30,,3,0,0,3,0,,,0
4792,P1000233,1131572,Dﾊﾟｰｷﾝｸﾞ,,西糀谷4丁目PS第1:西側,ニシコウジヤヨンチョウメピーエスダイイチ,TOK7900042,144-0034,東京都大田区西糀谷4-25,,,,,,,,,,,,,,,東京都,大田区,西糀谷4-25,,,,,,,東京都大田区西糀谷4-25,,,,,2019/03/01,,6,0,0,6,0,,,0
4794,P1000235,1131575,Dﾊﾟｰｷﾝｸﾞ,,西糀谷4丁目PS第2:東側,ニシコウジヤヨンチョウメピーエスダイニ：ヒガシガワ,TOK8000022,144-0034,東京都大田区西糀谷4-25,,,,,,,,,,,,,,,東京都,大田区,西糀谷4-25,,,,,,,東京都大田区西糀谷4-25,,,,,2019/07/01,,6,0,0,6,0,,,0
4798,P1000239,1131579,Dﾊﾟｰｷﾝｸﾞ,,霊山観音赤坂別院徳持寺前,レイザンカンノンアカサカベツイントクモチテラマエ,TOK8000059,107-0052,東京都港区赤坂2-18-5,,,,,,,,,,,,,,,東京都,港区,赤坂2-18-5,,,,,,,東京都港区赤坂2-18-5,,,,,2019/10/25,,10,0,0,10,0,,,0
4801,P1000243,1131583,Dﾊﾟｰｷﾝｸﾞ,,山王PS第2,オオモリサンノウピーエスダイニ,TOK8100022,143-0023,東京都大田区山王1-15-9,,,,,,,,,,,,,,,東京都,大田区,山王1-15-9,,,,,,,東京都大田区山王1-15-9,,,,,2020/06/24,,3,0,0,3,1,,,1
4804,P1000246,1131586,Dﾊﾟｰｷﾝｸﾞ,,山王PS第3,サンノウピーエスダイサン,TOK8300013,143-0023,東京都大田区山王1丁目15-10隣地,,,,,,,,,,,,,,,東京都,大田区,山王1丁目15-10隣地,,,,,,,東京都大田区山王1丁目15-10隣地,,,,,2022/06/01,,2,0,0,2,6,,,6
4805,P1000247,1131587,Dﾊﾟｰｷﾝｸﾞ,,田柄2丁目PS第1,タガラニチョウメピーエスダイイチ,TOK8300029,179-0073,東京都練馬区田柄2-29-10,,,,,,,,,,,,,,,東京都,練馬区,田柄2-29-10,,,,,,,東京都練馬区田柄2-29-10,,,,,2022/07/01,,4,0,0,4,0,,,0
4806,P1000248,1131588,Dﾊﾟｰｷﾝｸﾞ,,足立島根4丁目PS第1,アダチシマネヨンチョウメピーエスダイイチ,TOK8300030,121-0815,東京都足立区島根4-6,,,,,,,,,,,,,,,東京都,足立区,島根4-6,,,,,,,東京都足立区島根4-6,,,,,2022/07/11,,10,0,0,10,8,,,8
4807,P1000249,1131589,Dﾊﾟｰｷﾝｸﾞ,,新宿荒木町PS第1,シンジュクアラキチョウピーエスダイイチ,TOK8300042,160-0007,東京都新宿区荒木町21-40隣,,,,,,,,,,,,,,,東京都,新宿区,荒木町21-40隣,,,,,,,東京都新宿区荒木町21-40隣,,,,,2022/09/05,,4,0,0,4,0,,,0
4808,P1000250,1131590,Dﾊﾟｰｷﾝｸﾞ,,東麻布1丁目PS第1,ヒガシアザブイチチョウメピーエスダイイチ,TOK8300073,1060044,東京都港区東麻布1丁目12,,,,,,,,,,,,,,,東京都,港区,東麻布1丁目12,,,,,,,東京都港区東麻布1丁目12,,,,,2022/11/14,,2,0,0,2,0,,,0
4809,P1000251,1131591,Dﾊﾟｰｷﾝｸﾞ,,練馬区西大泉3丁目PS第1,ネリマニシオオイズミサンチョウメピーエスダイイチ,TOK8400012,178-0065,東京都練馬区西大泉3丁目20-20,,,,,,,,,,,,,,,東京都,練馬区,西大泉3丁目20-20,,,,,,,東京都練馬区西大泉3丁目20-20,,,,,2023/05/20,,7,0,0,7,0,,,0
4810,P1000252,1131592,Dﾊﾟｰｷﾝｸﾞ,,粕谷2丁目PS第1,カスヤニチョウメピーエスダイイチ,TOK8400019,157-0063,東京都世田谷区粕谷2丁目7-6,,,,,,,,,,,,,,,東京都,世田谷区,粕谷2丁目7-6,,,,,,,東京都世田谷区粕谷2丁目7-6,,,,,2023/06/07,,8,0,0,8,5,,,5
4811,P1000253,1131593,Dﾊﾟｰｷﾝｸﾞ,,神田岩本町PS第1,カンダイワモトチョウピーエスダイイチ,TOK8400042,101-0033,東京都千代田区神田岩本町4,,,,,,,,,,,,,,,東京都,千代田区,神田岩本町4,,,,,,,東京都千代田区神田岩本町4,,,,,2023/07/25,,9,0,0,9,0,,,0
4812,P1000254,1131594,Dﾊﾟｰｷﾝｸﾞ,,青戸6丁目PS第1,アオト,TOK8400076,125-0062,東京都葛飾区青戸6丁目26-4,,,,,,,,,,,,,,,東京都,葛飾区,青戸6丁目26-4,,,,,,,東京都葛飾区青戸6丁目26-4,,,,,2023/11/07,,4,0,0,4,0,,,0
4813,P1000255,1131595,Dﾊﾟｰｷﾝｸﾞ,,京島1丁目PS第2,キョウジマイッチョウメピーエスダイニ,TOK8400097,131-0046,東京都墨田区京島１丁目５３-４,,,,,,,,,,,,,,,東京都,墨田区,京島１丁目５３-４,,,,,,,東京都墨田区京島１丁目５３-４,,,,,2024/03/15,,3,0,0,3,0,,,0
4814,P1000256,1131596,Dﾊﾟｰｷﾝｸﾞ,,東麻布1丁目PS第2,ひがしあざぶいっちょうめ,TOK8500008,106-0044,東京都港区東麻布１丁目１２－１２,,,,,,,,,,,,,,,東京都,港区,東麻布１丁目１２－１２,,,,,,,東京都港区東麻布１丁目１２－１２,,,,,2024/05/11,,3,0,0,3,0,,,0
4815,P1000257,1131597,Dﾊﾟｰｷﾝｸﾞ,,池上7丁目PS第2,イケガミナナチョウメピーエスダイニ,TOK8500010,146-0082,東京都大田区池上７丁目１５ー７,,,,,,,,,,,,,,,東京都,大田区,池上７丁目１５ー７,,,,,,,東京都大田区池上７丁目１５ー７,,,,,2024/05/09,,3,0,0,3,0,,,0
4816,P1000258,1131598,Dﾊﾟｰｷﾝｸﾞ,,鎌倉ﾊﾟｽﾀ深川冬木店駐車場,カマクラパスタフカガワフユキテン,TOK8500057,135-0041,東京都江東区冬木１８－９,,,,,,,,,,,,,,,東京都,江東区,冬木１８－９,,,,,,,東京都江東区冬木１８－９,,,,,2024/08/01,,15,0,0,15,0,,,0
4817,P1000259,1131599,Dﾊﾟｰｷﾝｸﾞ,,国分寺本町PS第1,コクブンジホンチョウピーエスダイイチ,TOK8500091,185-0012,東京都国分寺市本町2丁目5-8,,,,,,,,,,,,,,,東京都,国分寺市,本町2丁目5-8,,,,,,,東京都国分寺市本町2丁目5-8,,,,,2024/11/05,,3,0,0,3,0,,,0
4818,P1000260,1131600,Dﾊﾟｰｷﾝｸﾞ,,浅草3丁目PS第1,アサクササンチョウメピーエスダイイチ,TOK8500098,111-0032,東京都台東区浅草３丁目２８－１０,,,,,,,,,,,,,,,東京都,台東区,浅草３丁目２８－１０,,,,,,,東京都台東区浅草３丁目２８－１０,,,,,2024/11/14,,4,0,0,4,0,,,0
4819,P1000261,1131601,Dﾊﾟｰｷﾝｸﾞ,,南長崎3丁目PS第1,ミナミナガサキサンチョウメ,TOK8500121,171-0052,東京都豊島区南長崎３丁目３１-９,,,,,,,,,,,,,,,東京都,豊島区,南長崎３丁目３１-９,,,,,,,東京都豊島区南長崎３丁目３１-９,,,,,2024/12/20,,6,0,0,6,0,,,0
4820,P1000263,1131603,Dﾊﾟｰｷﾝｸﾞ,,池尻大橋PS第1,イケジリオオハシ,TOK8500146,153-0044,東京都目黒区大橋２丁目４-２１,,,,,,,,,,,,,,,東京都,目黒区,大橋２丁目４-２１,,,,,池尻大橋グリーンランドビル,,東京都目黒区大橋２丁目４-２１,,,,,2025/03/01,,2,0,0,2,0,,,0
4821,P1000264,1131604,Dﾊﾟｰｷﾝｸﾞ,,目黒区中央町2丁目第1,メグロクチュウオウチョウニチョウメダイイ,TOK8600049,152-0001,東京都目黒区中央町2丁目32-5,,,,,,,,,,,,,,,東京都,目黒区,中央町2丁目32-5,,,,,,,東京都目黒区中央町2丁目32-5,,,,,2025/08/28,,29,0,0,29,0,,,0
4822,P1000265,1131605,Dﾊﾟｰｷﾝｸﾞ,,貫井4丁目PS第1,ヌクイヨンチョウメピーエスダイイチ,TOK8600065,176-0021,東京都練馬区貫井4-22,,,,,,,,,,,,,,,東京都,練馬区,貫井4-22,,,,,,,東京都練馬区貫井4-22,,,,,2025/08/27,,5,0,0,5,0,,,0
4823,P1000266,1131606,Dﾊﾟｰｷﾝｸﾞ,,足立区江北2丁目PS第1,アダチクコウホクニチョウメダイイチ,TOK8600083,123-0872,東京都足立区江北2丁目25-11,,,,,,,,,,,,,,,東京都,足立区,江北2丁目25-11,,,,,,,東京都足立区江北2丁目25-11,,,,,2025/10/20,,4,0,0,4,0,,,0
4824,P1000267,1131607,Dﾊﾟｰｷﾝｸﾞ,,碑文谷1丁目第1,ヒモンヤイッチョウメダイイチ,TOK8600087,152-0003,東京都目黒区碑文谷１丁目２４,,,,,,,,,,,,,,,東京都,目黒区,碑文谷１丁目２４,,,,,,,東京都目黒区碑文谷１丁目２４,,,,,2025/10/03,,28,0,0,28,0,,,0
4825,P1000268,1131608,Dﾊﾟｰｷﾝｸﾞ,,西荻北5丁目PS第1,ニシオギキタゴチョウメピーエスダイイチ,TOK8600101,167-0042,東京都杉並区西荻北5丁目1-10,,,,,,,,,,,,,,,東京都,杉並区,西荻北5丁目1-10,,,,,,,東京都杉並区西荻北5丁目1-10,,,,,2025/12/09,,5,0,0,5,0,,,0
4826,P1000269,1131609,Dﾊﾟｰｷﾝｸﾞ,,大森中1丁目第3,オオモリナカイッチョウメダイサン,TOK8600117,143-0014,東京都大田区大森中１丁目１９－２,,,,,,,,,,,,,,,東京都,大田区,大森中１丁目１９－２,,,,,,,東京都大田区大森中１丁目１９－２,,,,,2025/12/01,,10,0,0,10,0,,,0
4827,P1000270,1131610,Dﾊﾟｰｷﾝｸﾞ,,足立区鹿浜PS第1,アダチクシカハマピーエスダイイチ,TOK8600119,123-0864,東京都足立区鹿浜５-４-２隣,,,,,,,,,,,,,,,東京都,足立区,鹿浜５-４-２隣,,,,,,,東京都足立区鹿浜５-４-２隣,,,,,2026/01/13,,22,0,0,22,0,,,0
4828,P1000271,1131611,Dﾊﾟｰｷﾝｸﾞ,,世田谷区鎌田4丁目PS第1,セタガヤクカマタヨンチョウメダイイチ,TOK8600122,157-0077,東京都世田谷区鎌田4丁目15-25隣,,,,,,,,,,,,,,,東京都,世田谷区,鎌田4丁目15-25隣,,,,,,,東京都世田谷区鎌田4丁目15-25隣,,,,,2026/01/09,,8,0,0,8,0,,,0
4832,P1000275,1140529,Dﾊﾟｰｷﾝｸﾞ,,平塚田村1丁目,ヒラツカタムライッチョウメ,HIR7800004,254-0013,神奈川県平塚市田村1丁目23-23,,,,,,,,,,,,,,,神奈川県,平塚市,田村1丁目23-23,,,,,,,神奈川県平塚市田村1丁目23-23,,,,,2015/01/15,,9,0,0,9,-4,,,-4
4844,P1000287,1140543,Dﾊﾟｰｷﾝｸﾞ,,横浜翁町PS第1,ヨコハマオキナマチピーエ,HIR7900009,231-0028,神奈川県横浜市中区翁町1-6,,,,,,,,,,,,,,,神奈川県,横浜市中区,翁町1-6,,,,,,,神奈川県横浜市中区翁町1-6,,,,,2019/02/07,,8,0,0,8,0,,,0
4846,P1000289,1140545,その他,,富士見団地第4駐車場,サガミハラフジミダンチ,HIR8000007,252-0236,神奈川県相模原市中央富士見5-6,,,,,,,,,,,,,,,神奈川県,相模原市中央区,相模原市中央富士見5-6,,,,,,,神奈川県相模原市中央富士見5-6,,,,,2019/08/09,,5,0,0,5,0,,,0
4847,P1000290,1140546,Dﾊﾟｰｷﾝｸﾞ,,相模原大野台PS第1,サガミハラオオノダイ,HIR8000008,252-0331,神奈川県相模原市南区大野台1-25-3,,,,,,,,,,,,,,,神奈川県,相模原市南区,大野台1-25-3,,,,,,,神奈川県相模原市南区大野台1-25-3,,,,,2019/08/30,,8,0,0,8,0,,,0
4850,P1000294,1140552,Dﾊﾟｰｷﾝｸﾞ,,神明町PS第1,シンメイチョウ,HIR8200026,212-0022,神奈川県川崎市幸区神明町２丁目９ー１１,,,,,,,,,,,,,,,神奈川県,川崎市幸区,神明町２丁目９ー１１,,,,,,,神奈川県川崎市幸区神明町２丁目９ー１１,,,,,2022/04/05,,3,0,0,3,0,,,0
4851,P1000295,1140553,Dﾊﾟｰｷﾝｸﾞ,,杉田6丁目PS第1,スギタロクチョウメピーエスダイイチ,HIR8300005,235-0033,神奈川県横浜市磯子区杉田６丁目６-１４,,,,,,,,,,,,,,,神奈川県,横浜市磯子区,杉田６丁目６-１４,,,,,,,神奈川県横浜市磯子区杉田６丁目６-１４,,,,,2022/05/30,,5,0,0,5,0,,,0
4852,P1000296,1140554,Dﾊﾟｰｷﾝｸﾞ,,川崎本町2丁目PS第1,カワサキホンチョウ,HIR8300018,210-0001,神奈川県川崎市川崎区本町２丁目13-11,,,,,,,,,,,,,,,神奈川県,川崎市川崎区,本町２丁目13-11,,,,,,,神奈川県川崎市川崎区本町２丁目13-11,,,,,2022/08/12,,5,2,0,7,0,,,0
4853,P1000297,1140555,Dﾊﾟｰｷﾝｸﾞ,,港南1丁目PS第1,コウナンイチチョウメ,HIR8300023,233-0003,神奈川県横浜市港南区港南１－４,,,,,,,,,,,,,,,神奈川県,横浜市港南区,港南１－４,,,,,,,神奈川県横浜市港南区港南１－４,,,,,2022/10/14,,5,0,0,5,0,,,0
4854,P1000298,1140556,Dﾊﾟｰｷﾝｸﾞ,,茅ヶ崎新栄町PS第1,チガサキシンエイチョウ,HIR8300027,253-0044,神奈川県茅ケ崎市新栄町5565-6,,,,,,,,,,,,,,,神奈川県,茅ヶ崎市,茅ケ崎市新栄町5565-6,,,,,,,神奈川県茅ケ崎市新栄町5565-6,,,,,2022/11/04,,14,0,0,14,0,,,0
4856,P1000300,1140558,Dﾊﾟｰｷﾝｸﾞ,,藤沢弥勒寺PS第2,フジサワミロクジ,HIR8300030,251-0016,神奈川県藤沢市弥勒寺３丁目９-１９,,,,,,,,,,,,,,,神奈川県,藤沢市,弥勒寺３丁目９-１９,,,,,,,神奈川県藤沢市弥勒寺３丁目９-１９,,,,,2022/12/24,,5,0,0,5,1,,,1
4857,P1000301,1140559,Dﾊﾟｰｷﾝｸﾞ,,鎌倉大船3丁目PS第1,カマクラオオフナ,HIR8300034,247-0056,神奈川県鎌倉市大船３丁目１－８,,,,,,,,,,,,,,,神奈川県,鎌倉市,大船３丁目１－８,,,,,,,神奈川県鎌倉市大船３丁目１－８,,,,,2023/01/27,,3,0,0,3,0,,,0
4858,P1000302,1140560,Dﾊﾟｰｷﾝｸﾞ,,東永谷PS第2,ヒガシナガヤ,HIR8400008,233-0011,神奈川県横浜市港南区東永谷1-1458,,,,,,,,,,,,,,,神奈川県,横浜市港南区,東永谷1-1458,,,,,,,神奈川県横浜市港南区東永谷1-1458,,,,,2023/06/09,,7,0,0,7,0,,,0
4859,P1000303,1140561,Dﾊﾟｰｷﾝｸﾞ,,大丸PS第2,オオマルダイニ,HIR8400038,224-0061,神奈川県横浜市都筑区大丸7-3,,,,,,,,,,,,,,,神奈川県,横浜市都筑区,大丸7-3,,,,,,,神奈川県横浜市都筑区大丸7-3,,,,,2024/04/01,,15,0,0,15,0,,,0
4860,P1000304,1140562,Dﾊﾟｰｷﾝｸﾞ,,戸塚区品濃町PS第1,トツカクシナノマチピーエスダイイチ,HIR8400041,244-0801,神奈川県横浜市戸塚区品濃町500-6,,,,,,,,,,,,,,,神奈川県,横浜市戸塚区,品濃町500-6,,,,,,,神奈川県横浜市戸塚区品濃町500-6,,,,,2024/04/05,,16,3,0,19,9,,,9
4861,P1000307,1140565,Dﾊﾟｰｷﾝｸﾞ,,川和町駅前PS第2,カワワチョウエキマエピーエスダイニ,HIR8500008,224-0057,神奈川県横浜市都筑区川和町１４５９,,,,,,,,,,,,,,,神奈川県,横浜市都筑区,川和町１４５９,,,,,,,神奈川県横浜市都筑区川和町１４５９,,,,,2024/07/18,,13,6,0,19,0,,,0
4871,P1000326,1140584,Dﾊﾟｰｷﾝｸﾞ,,川崎紺屋町PS第1,カワサキコンヤマチピーエスダイイチイ,TOK8500142,212-0026,神奈川県川崎市幸区紺屋町２６－６　隣,,,,,,,,,,,,,,,神奈川県,川崎市幸区,紺屋町２６－６　隣,,,,,,,神奈川県川崎市幸区紺屋町２６－６　隣,,,,,2025/02/18,,5,0,0,5,5,,,5
4872,P1000327,1140585,Dﾊﾟｰｷﾝｸﾞ,,保土ヶ谷駅前PS第1,ホドガヤエキマエピーエス,TOK8600094,2400023,神奈川県横浜市保土ケ谷区岩井町１５－３,,,,,,,,,,,,,,,神奈川県,横浜市保土ケ谷区,岩井町１５－３,,,,,,,神奈川県横浜市保土ケ谷区岩井町１５－３,,,,,2025/10/16,,4,6,6,16,0,,,0
4874,P1000329,1150014,タイムパーク,,けやき通り,ケヤキドオリ,NIG7800016,950-0916,新潟県新潟市中央区米山2-4-14,,,,,,,,,,,,,,,新潟県,新潟市中央区,米山2-4-14,,,,,,,新潟県新潟市中央区米山2-4-14,,,,,2017/12/22,,18,0,0,18,0,,,0
4875,P1000330,1150015,タイムパーク,,けやき通り第2,ケヤキドオリダイニ,NIG7800017,950-0916,新潟県新潟市中央区米山2-4-3,,,,,,,,,,,,,,,新潟県,新潟市中央区,米山2-4-3,,,,,,,新潟県新潟市中央区米山2-4-3,,,,,2007/12/01,,9,0,0,9,0,,,0
4879,P1000334,1150019,タイムパーク,,笹口,ササグチ,NIG7800021,950-0911,新潟県新潟市中央区笹口2-9-19,,,,,,,,,,,,,,,新潟県,新潟市中央区,笹口2-9-19,,,,,,,新潟県新潟市中央区笹口2-9-19,,,,,2001/05/25,,24,0,0,24,5,,,5
4880,P1000335,1150020,タイムパーク,,笹口第3,ササグチダイサン,NIG7800023,950-0911,新潟県新潟市中央区笹口2-8-1,,,,,,,,,,,,,,,新潟県,新潟市中央区,笹口2-8-1,,,,,,,新潟県新潟市中央区笹口2-8-1,,,,,2018/03/07,,8,0,0,8,0,,,0
4882,P1000337,1150022,その他,,ﾀｷｻﾞﾜｶﾞﾚｰｼﾞ東堀,タキザワガレージ,NIG7900001,951-8116,新潟県新潟市中央区東堀前通9-1383-1,,,,,,,,,,,,,,,新潟県,新潟市中央区,東堀前通9-1383-1,,,,,,,新潟県新潟市中央区東堀前通9-1383-1,,,,,2018/07/01,,160,8,0,168,270,,,270
4885,P1000340,1150025,Dﾊﾟｰｷﾝｸﾞ,,西堀通PS第1,ニシボリドオリピーエスダイイチ,NIG8300002,951-8061,新潟県新潟市中央区西堀通四番町824隣,,,,,,,,,,,,,,,新潟県,新潟市中央区,西堀通四番町824隣,,,,,,,新潟県新潟市中央区西堀通四番町824隣,,,,,2022/11/05,,7,0,0,7,3,,,3
4886,P1000341,1150026,Dﾊﾟｰｷﾝｸﾞ,,新潟第一中学･高校前PS第1,ニイガタダイイチチュウガク・コウコウマエピーエスタ,NIG8400001,951-8141,新潟県新潟市中央区関新2-2-12,,,,,,,,,,,,,,,新潟県,新潟市中央区,関新2-2-12,,,,,,,新潟県新潟市中央区関新2-2-12,,,,,2023/04/20,,40,0,0,40,27,,,27
4887,P1000342,1150027,Dﾊﾟｰｷﾝｸﾞ,,川岸町PS第1,カワギシチョウピーエスダイイチ,NIG8400005,951-8133,新潟県新潟市中央区川岸町2-1,,,,,,,,,,,,,,,新潟県,新潟市中央区,川岸町2-1,,,,,,,新潟県新潟市中央区川岸町2-1,,,,,2024/01/12,,24,0,0,24,0,,,0
4888,P1000343,1150028,Dﾊﾟｰｷﾝｸﾞ,,南浜通1番町PS第1,ミナミハマドオリイチバンチョウピーエスダイイチ,NIG8500003,951-8112,新潟県新潟市中央区南浜通1番町364-27 隣,,,,,,,,,,,,,,,新潟県,新潟市中央区,南浜通1番町364-27 隣,,,,,,,新潟県新潟市中央区南浜通1番町364-27 隣,,,,,2024/09/26,,15,0,0,15,0,,,0
4898,P1000353,1170040,Dﾊﾟｰｷﾝｸﾞ,,大和町PS第1,ヤマトチョウピーエスダイイチ,NAG7800131,923-0952,石川県小松市大和町138番地,,,,,,,,,,,,,,,石川県,小松市,大和町138番地,,,,,,,石川県小松市大和町138番地,,,,,2018/05/11,,6,0,0,6,0,,,0
4899,P1000354,1170041,その他,,Pat金沢駅前駐車場,パットカナザワエキマエチュウシャジョウ,NAG8100035,920-0852,"石川県金沢市此花町320,321,322番（地番）",,,,,,,,,,,,,,,石川県,金沢市,"此花町320,321,322番（地番）",,,,,,,"石川県金沢市此花町320,321,322番（地番）",,,,,2020/11/01,,14,0,0,14,0,,,0
4900,P1000355,1170042,Dﾊﾟｰｷﾝｸﾞ,,香林坊PS第2,コウリンボウピーエスダイニ,NAG8600018,920-0961,石川県金沢市香林坊2丁目10-25隣地,,,,,,,,,,,,,,,石川県,金沢市,香林坊2丁目10-25隣地,,,,,（地番）241番,,石川県金沢市香林坊2丁目10-25隣地,,,,,2025/08/01,,6,0,0,6,0,,,0
4901,P1000359,1220029,Dﾊﾟｰｷﾝｸﾞ,,熱海清水町PS第1,アタミシミズチョウ,HIR8300039,413-0021,静岡県熱海市清水町7-18,,,,,,,,,,,,,,,静岡県,熱海市,清水町7-18,,,,,,,静岡県熱海市清水町7-18,,,,,2023/03/17,,7,0,0,7,0,,,0
4904,P1000362,1220032,タイムパーク,,葵町,アオイマチ,NAG8000019,4200017,静岡県静岡市葵区葵町３０番１（地番）,,,,,,,,,,,,,,,静岡県,静岡市葵区,葵町３０番１（地番）,,,,,,,静岡県静岡市葵区葵町３０番１（地番）,,,,,2019/07/01,,5,0,0,5,0,,,0
4905,P1000363,1220033,タイムパーク,,助信駅前第1,スケノブエキマエダイイチ,NAG8200002,430-0911,静岡県浜松市中区新津町11-3,,,,,,,,,,,,,,,静岡県,浜松市中央区,浜松市中区新津町11-3,,,,,,,静岡県浜松市中区新津町11-3,,,,,2021/05/13,,4,0,0,4,2,,,2
4906,P1000364,1220034,Dﾊﾟｰｷﾝｸﾞ,,高塚駅前PS第2,タカツカエキマエピーエスダイニ,NAG8600024,432-8065,静岡県浜松市中央区高塚町366番1,,,,,,,,,,,,,,,静岡県,浜松市中央区,高塚町366番1,,,,,,,静岡県浜松市中央区高塚町366番1,,,,,2025/11/01,,32,0,0,32,0,,,0
4913,P1000371,1230226,その他,,ｴﾑﾃｯｸ西春ﾊﾟｰｷﾝｸﾞ,エムテックニシハルパーキング,NAG7800013,481-0004,愛知県北名古屋市鹿田栄44-2,,,,,,,,,,,,,,,愛知県,北名古屋市,鹿田栄44-2,,,,,,,愛知県北名古屋市鹿田栄44-2,,,,,2017/02/01,,12,0,0,12,0,,,0
4914,P1000372,1230227,Dﾊﾟｰｷﾝｸﾞ,,千代田3丁目PS第1,チヨダサンチョウメピーエスダイイチ,NAG7800014,460-0012,愛知県名古屋市中区千代田3丁目,,,,,,,,,,,,,,,愛知県,名古屋市中区,千代田3丁目,,,,,,,愛知県名古屋市中区千代田3丁目,,,,,2017/02/01,,6,0,0,6,0,,,0
4915,P1000373,1230228,その他,,ｱｸﾛｽｷｭｰﾌﾞ名古屋付属機械式立体駐車場,アクロスキューブナゴヤフゾクキカイシキリッタイチュウシャジョウ,NAG7800016,451-0046,愛知県名古屋市西区牛島町6番24号,,,,,,,,,,,,,,,愛知県,名古屋市西区,牛島町6番24号,,,,,,,愛知県名古屋市西区牛島町6番24号,,,,,2017/04/01,,0,0,0,0,32,,,32
4917,P1000375,1230230,その他,,ｴﾑﾃｯｸ白羽根町ﾊﾟｰｷﾝｸﾞ,エムテックミズホクシラバネチョウパーキング,NAG7800027,467-0014,愛知県名古屋市瑞穂区白羽根町１丁目38-2,,,,,,,,,,,,,,,愛知県,名古屋市瑞穂区,白羽根町１丁目38-2,,,,,,,愛知県名古屋市瑞穂区白羽根町１丁目38-2,,,,,2017/09/15,,5,0,0,5,0,,,0
4918,P1000376,1230231,その他,,すまいち建中寺東ﾊﾟｰｷﾝｸﾞ,スマイチケンチュウジヒガシパーキング,NAG7800028,461-0003,愛知県名古屋市東区筒井1丁目3-22,,,,,,,,,,,,,,,愛知県,名古屋市東区,筒井1丁目3-22,,,,,,,愛知県名古屋市東区筒井1丁目3-22,,,,,2017/09/15,,3,0,0,3,0,,,0
4919,P1000377,1230232,その他,,すまいち建中寺南2ﾊﾟｰｷﾝｸﾞ,スマイチケンチュウジミナミニパーキング,NAG7800030,461-0003,愛知県名古屋市東区筒井1丁目13,,,,,,,,,,,,,,,愛知県,名古屋市東区,筒井1丁目13,,,,,,,愛知県名古屋市東区筒井1丁目13,,,,,2017/09/15,,6,0,0,6,0,,,0
4920,P1000378,1230233,その他,,すまいち今池南,スマイチイマイケミナミパーキング,NAG7800032,464-0851,愛知県名古屋市千種区今池南7-10,,,,,,,,,,,,,,,愛知県,名古屋市千種区,今池南7-10,,,,,,,愛知県名古屋市千種区今池南7-10,,,,,2017/09/21,,4,0,0,4,3,,,3
4921,P1000379,1230234,その他,,すまいち内山3丁目,スマイチウチヤマサンチョウメパーキング,NAG7800033,464-0075,愛知県名古屋市千種区内山3丁目21-13,,,,,,,,,,,,,,,愛知県,名古屋市千種区,内山3丁目21-13,,,,,,,愛知県名古屋市千種区内山3丁目21-13,,,,,2017/09/21,,4,0,0,4,0,,,0
4922,P1000380,1230235,その他,,すまいち新出来2丁目,スマイチシンデキニチョウメパーキング,NAG7800034,461-0038,愛知県名古屋市東区新出来2丁目180,,,,,,,,,,,,,,,愛知県,名古屋市東区,新出来2丁目180,,,,,,,愛知県名古屋市東区新出来2丁目180,,,,,2017/09/23,,7,0,0,7,0,,,0
4923,P1000381,1230236,その他,,すまいち千代田3丁目ﾊﾟｰｷﾝｸﾞ,スマイチチヨダサンチョウメパーキング,NAG7800035,460-0012,愛知県名古屋市中区千代田3丁目9-19,,,,,,,,,,,,,,,愛知県,名古屋市中区,千代田3丁目9-19,,,,,,,愛知県名古屋市中区千代田3丁目9-19,,,,,2017/09/25,,7,0,0,7,0,,,0
4930,P1000388,1230244,Dﾊﾟｰｷﾝｸﾞ,,則武2丁目PS第1,ノリタケニチョウメピーエスダイイチ,NAG8300024,453-0014,愛知県名古屋市中村区則武2丁目20-12,,,,,,,,,,,,,,,愛知県,名古屋市中村区,則武2丁目20-12,,,,,,,愛知県名古屋市中村区則武2丁目20-12,,,,,2022/09/01,,7,0,0,7,0,,,0
4931,P1000389,1230245,Dﾊﾟｰｷﾝｸﾞ,,太閤3丁目PS第1,タイコウサンチョウメピーエスダイイチ,NAG8300025,453-0801,愛知県名古屋市中村区太閤3丁目4-9,,,,,,,,,,,,,,,愛知県,名古屋市中村区,太閤3丁目4-9,,,,,,,愛知県名古屋市中村区太閤3丁目4-9,,,,,2022/09/01,,5,0,0,5,0,,,0
4932,P1000390,1230246,Dﾊﾟｰｷﾝｸﾞ,,表山1丁目PS第1,オモテヤマイチチョウメピーエスダイイチ,NAG8300033,468-0069,愛知県名古屋市天白区表山1丁目501,,,,,,,,,,,,,,,愛知県,名古屋市天白区,表山1丁目501,,,,,,,愛知県名古屋市天白区表山1丁目501,,,,,2022/10/14,,6,0,0,6,0,,,0
4933,P1000391,1230247,その他,,ｴﾑﾃｯｸ鹿田ﾊﾟｰｷﾝｸﾞ,エムテックシカタパーキング,NAG8300037,481-0004,愛知県北名古屋市鹿田丸やぶ3589,,,,,,,,,,,,,,,愛知県,北名古屋市,鹿田丸やぶ3589,,,,,,,愛知県北名古屋市鹿田丸やぶ3589,,,,,2023/01/13,,4,0,0,4,0,,,0
4936,P1000394,1230250,Dﾊﾟｰｷﾝｸﾞ,,土橋駅前PS第1,ツチハシエキマエピーエスダイイチ,NAG8400016,471-0842,愛知県豊田市土橋町3丁目48街区,,,,,,,,,,,,,,,愛知県,豊田市,土橋町3丁目48街区,,,,,"1-1,1-2,1-3,1-4,1-5,2-3",,愛知県豊田市土橋町3丁目48街区,,,,,2024/03/01,,36,0,0,36,18,,,18
4937,P1000395,1230251,Dﾊﾟｰｷﾝｸﾞ,,桜山町5丁目PS第1,サクラヤマチョウゴチョウメピーエスダイイチ,NAG8500002,466-0044,愛知県名古屋市昭和区桜山町5丁目98-2,,,,,,,,,,,,,,,愛知県,名古屋市昭和区,桜山町5丁目98-2,,,,,,,愛知県名古屋市昭和区桜山町5丁目98-2,,,,,2024/05/17,,4,0,0,4,2,,,2
4939,P1000397,1230253,Dﾊﾟｰｷﾝｸﾞ,,竹橋町PS第2,タケバシチョウピーエスダイニ,NAG8500021,453-0016,"愛知県名古屋市中村区竹橋町601,604,611(地番)",,,,,,,,,,,,,,,愛知県,名古屋市中村区,"竹橋町601,604,611(地番)",,,,,,,"愛知県名古屋市中村区竹橋町601,604,611(地番)",,,,,2024/10/17,,31,0,0,31,0,,,0
4940,P1000398,1230254,Dﾊﾟｰｷﾝｸﾞ,,竹橋町PS第3,タケバシチョウピーエスダイサン,NAG8500025,453-0016,愛知県名古屋市中村区竹橋町8-9,,,,,,,,,,,,,,,愛知県,名古屋市中村区,竹橋町8-9,,,,,"（地番）806-4,806-5,807",,愛知県名古屋市中村区竹橋町8-9,,,,,2024/11/01,,12,0,0,12,9,,,9
4941,P1000399,1230255,Dﾊﾟｰｷﾝｸﾞ,,康生通南PS第1,コウセイドオリミナミピーエスダイイチ,NAG8500026,444-0044,愛知県岡崎市康生通南1丁目16,,,,,,,,,,,,,,,愛知県,岡崎市,康生通南1丁目16,,,,,,,愛知県岡崎市康生通南1丁目16,,,,,2024/11/01,,22,0,0,22,0,,,0
4942,P1000400,1230256,Dﾊﾟｰｷﾝｸﾞ,,八事日赤前PS第1,ヤゴトニッセキマエピーエスダイイチ,NAG8500027,466-0815,愛知県名古屋市昭和区山手通3丁目9-2,,,,,,,,,,,,,,,愛知県,名古屋市昭和区,山手通3丁目9-2,,,,,,,愛知県名古屋市昭和区山手通3丁目9-2,,,,,2024/11/08,,9,0,0,9,0,,,0
4943,P1000401,1230257,Dﾊﾟｰｷﾝｸﾞ,,一社3丁目PS第1,イッシャサンチョウメピーエスダイイチ,NAG8600009,465-0093,愛知県名古屋市名東区一社3丁目148-7隣地,,,,,,,,,,,,,,,愛知県,名古屋市名東区,一社3丁目148-7隣地,,,,,（地番表記）149,,愛知県名古屋市名東区一社3丁目148-7隣地,,,,,2025/06/13,,14,0,0,14,0,,,0
4944,P1000402,1230258,Dﾊﾟｰｷﾝｸﾞ,,竹橋町PS第4,タケバシチョウピーエスダイヨン,NAG8600010,453-0016,愛知県名古屋市中村区竹橋町6-10,,,,,,,,,,,,,,,愛知県,名古屋市中村区,竹橋町6-10,,,,,,,愛知県名古屋市中村区竹橋町6-10,,,,,2025/09/26,,13,0,0,13,0,,,0
4945,P1000403,1240025,その他,,Pat桔梗が丘1番町2街区駐車場,パットキキョウガオカイチバンチョウニガイクチュウシャジョウ,NAG7800128,518-0621,三重県名張市桔梗が丘1番町2街区1番2,,,,,,,,,,,,,,,三重県,名張市,桔梗が丘1番町2街区1番2,,,,,,,三重県名張市桔梗が丘1番町2街区1番2,,,,,2018/04/16,,22,0,0,22,0,,,0
4948,P1000406,1240028,その他,,Pat塩浜駐車場,パットシオハマチュウシャジョウ,NAG8000036,510-0854,三重県四日市市塩浜本町2丁目38(地番）,,,,,,,,,,,,,,,三重県,四日市市,塩浜本町2丁目38(地番）,,,,,,,三重県四日市市塩浜本町2丁目38(地番）,,,,,2019/10/16,,6,0,0,6,0,,,0
4949,P1000407,1240029,Dﾊﾟｰｷﾝｸﾞ,,伊勢神宮内宮前PS第1,イセジングウナイクウマエピーエスダイイチ,NAG8500028,516-0024,三重県伊勢市宇治今在家町142-1,,,,,,,,,,,,,,,三重県,伊勢市,宇治今在家町142-1,,,,,,,三重県伊勢市宇治今在家町142-1,,,,,2024/11/15,,20,0,0,20,0,,,0
4951,P1000409,1260192,タイムパーク,,寺田林ﾉ口,テラダハヤシノクチ,OSK7800367,610-0121,京都府城陽市寺田11,,,,,,,,,,,,,,,京都府,城陽市,寺田11,,,,,,,京都府城陽市寺田11,,,,,2018/06/30,,4,0,0,4,0,,,0
4952,P1000410,1260193,その他,,Pat中京区蛸薬師通新町西入不動町駐車場,パットナカギョウクタコヤクシトオリシンマチニシイルフドウマチ,OSK8100038,604-8215,京都府京都市中京区蛸薬師通新町西入不動町,,,,,,,,,,,,,,,京都府,京都市中京区,蛸薬師通新町西入不動町,,,,,187-1,,京都府京都市中京区蛸薬師通新町西入不動町,,,,,2020/09/15,,3,0,0,3,0,,,0
4953,P1000411,1260194,Dﾊﾟｰｷﾝｸﾞ,,等持院南町PS第1,トウジインミナミマチ,OSK8200104,603-8344,京都府京都市北区等持院南町73-3,,,,,,,,,,,,,,,京都府,京都市北区,等持院南町73-3,,,,,,,京都府京都市北区等持院南町73-3,,,,,2022/04/01,,17,0,0,17,0,,,0
4954,P1000412,1260195,Dﾊﾟｰｷﾝｸﾞ,,八ﾉ坪PS第1,ハチノツボピーエスダイイチ,OSK8300104,621-0807,京都府亀岡市追分町八ノ坪,,,,,,,,,,,,,,,京都府,亀岡市,追分町八ノ坪,,,,,,,京都府亀岡市追分町八ノ坪,,,,,2023/04/10,,20,0,0,20,0,,,0
4967,P1000425,1270732,タイムパーク,,昭和町5丁目第1,ショウワチョウ,OSK7800015,545-0011,大阪府大阪市阿倍野区昭和町5-10,,,,,,,,,,,,,,,大阪府,大阪市阿倍野区,昭和町5-10,,,,,11～16,,大阪府大阪市阿倍野区昭和町5-10,,,,,2004/04/10,,6,0,0,6,0,,,0
4968,P1000426,1270733,タイムパーク,,玉造2丁目第1,タマツクリ,OSK7800016,540-0004,大阪府大阪市中央区玉造2-13-17,,,,,,,,,,,,,,,大阪府,大阪市中央区,玉造2-13-17,,,,,,,大阪府大阪市中央区玉造2-13-17,,,,,2004/07/27,,10,0,0,10,0,,,0
4970,P1000428,1270735,Dﾊﾟｰｷﾝｸﾞ,,阿倍野PS第1(立駐),アベノ,OSK7800018,545-0052,大阪府大阪市阿倍野区阿倍野筋2-1-19,,,,,,,,,,,,,,,大阪府,大阪市阿倍野区,阿倍野筋2-1-19,,,,,,,大阪府大阪市阿倍野区阿倍野筋2-1-19,,,,,2004/12/29,,18,10,0,28,24,,,24
4975,P1000433,1270742,タイムパーク,,城東区永田3丁目第1,ジョウトウクナガタ,OSK7800027,536-0022,大阪府大阪市城東区永田3-14-9,,,,,,,,,,,,,,,大阪府,大阪市城東区,永田3-14-9,,,,,,,大阪府大阪市城東区永田3-14-9,,,,,2007/05/30,,2,0,0,2,0,,,0
4981,P1000439,1270753,Dﾊﾟｰｷﾝｸﾞ,,七道駅前,ナナミチエキマエ,OSK7800040,590-0906,大阪府堺市堺区三宝町2丁134番,,,,,,,,,,,,,,,大阪府,堺市堺区,三宝町2丁134番,,,,,,,大阪府堺市堺区三宝町2丁134番,,,,,2012/09/28,,2,0,0,2,0,,,0
4991,P1000449,1270768,Dﾊﾟｰｷﾝｸﾞ,,正風病院駐輪場PS第1,セイフウビョウインチュウリンジョウ,OSK7800059,591-8021,大阪府堺市北区新金岡町1004-1,,,,,,,,,,,,,,,大阪府,堺市北区,新金岡町1004-1,,,,,,,大阪府堺市北区新金岡町1004-1,,,,,2015/08/03,,0,0,41,41,41,,,41
4993,P1000451,1270770,その他,,Pat八戸ﾉ里第1,パットヤエノサトダイイチ,OSK7800061,578-0947,大阪府東大阪市西岩田3-5-39,,,,,,,,,,,,,,,大阪府,東大阪市,西岩田3-5-39,,,,,,,大阪府東大阪市西岩田3-5-39,,,,,2015/11/19,,5,0,0,5,0,,,0
4994,P1000452,1270771,その他,,Pat八戸ﾉ里第2,パットヤエノサトダイニ,OSK7800062,578-0947,大阪府東大阪市西岩田3-5-39,,,,,,,,,,,,,,,大阪府,東大阪市,西岩田3-5-39,,,,,,,大阪府東大阪市西岩田3-5-39,,,,,2015/11/19,,19,0,0,19,0,,,0
4995,P1000453,1270773,その他,,Pat上ﾉ太子,パットカミノタイシ,OSK7800065,583-0842,大阪府羽曳野市飛鳥843,,,,,,,,,,,,,,,大阪府,羽曳野市,飛鳥843,,,,,844-1,,大阪府羽曳野市飛鳥843,,,,,2016/03/01,,50,0,0,50,14,,,14
4996,P1000454,1270776,その他,,Pat鶴橋4丁目,パットツルハシヨンチョウメ,OSK7800068,544-0031,大阪府大阪市生野区鶴橋4-6,,,,,,,,,,,,,,,大阪府,大阪市生野区,鶴橋4-6,,,,,,,大阪府大阪市生野区鶴橋4-6,,,,,2016/05/16,,4,0,0,4,0,,,0
4998,P1000456,1270778,その他,,Pat新今里4丁目,パットシンイマザトヨンチョウメ,OSK7800070,544-0001,大阪府大阪市生野区新今里4-7-18,,,,,,,,,,,,,,,大阪府,大阪市生野区,新今里4-7-18,,,,,,,大阪府大阪市生野区新今里4-7-18,,,,,2016/08/01,,4,0,0,4,0,,,0
4999,P1000457,1270779,その他,,Pat天王寺町南第1,パットテンノウジチョウダイイチ,OSK7800071,545-0002,大阪府大阪市阿倍野区天王寺町南1-68-1,,,,,,,,,,,,,,,大阪府,大阪市阿倍野区,天王寺町南1-68-1,,,,,,,大阪府大阪市阿倍野区天王寺町南1-68-1,,,,,2016/08/01,,4,0,0,4,0,,,0
5001,P1000459,1270781,その他,,Pat生野区小路東,パットイクノクショウジヒガシ,OSK7800073,544-0002,大阪府大阪市生野区小路東3-2-7,,,,,,,,,,,,,,,大阪府,大阪市生野区,小路東3-2-7,,,,,,,大阪府大阪市生野区小路東3-2-7,,,,,2016/11/15,,11,0,0,11,0,,,0
5002,P1000460,1270782,タイムパーク,,相川2丁目第1,アイカワ,OSK7800074,533-0007,大阪府大阪市東淀川区相川2-23,,,,,,,,,,,,,,,大阪府,大阪市東淀川区,相川2-23,,,,,4-33,,大阪府大阪市東淀川区相川2-23,,,,,2017/03/07,,9,0,0,9,0,,,0
5005,P1000463,1270786,その他,,Pat東大阪市岩田町3丁目,パットヒガシオオサカシイワタチョウサンチョウメ,OSK7800079,578-0941,大阪府東大阪市岩田町3-14,,,,,,,,,,,,,,,大阪府,東大阪市,岩田町3-14,,,,,,,大阪府東大阪市岩田町3-14,,,,,2017/07/10,,7,0,0,7,0,,,0
5010,P1000468,1270791,その他,,Pat上ﾉ太子駅前第2,パットカミノタイシエキマエダイニ,OSK7800084,583-0842,大阪府羽曳野市飛鳥738,,,,,,,,,,,,,,,大阪府,羽曳野市,飛鳥738,,,,,,,大阪府羽曳野市飛鳥738,,,,,2017/09/29,,7,0,0,7,0,,,0
5011,P1000469,1270794,その他,,Pat今川駅前駐輪場,パットイマガワエキマエチュウリンジョウ,OSK7800364,546-0043,大阪府大阪市東住吉区駒川3-475,,,,,,,,,,,,,,,大阪府,大阪市東住吉区,駒川3-475,,,,,,,大阪府大阪市東住吉区駒川3-475,,,,,2018/06/30,,110,0,110,220,0,,,0
5012,P1000470,1270798,タイムパーク,,大今里西3丁目,オオイアマザトニシ,OSK7900067,537-0014,大阪府大阪市東成区大今里西3-12-5,,,,,,,,,,,,,,,大阪府,大阪市東成区,大今里西3-12-5,,,,,,,大阪府大阪市東成区大今里西3-12-5,,,,,2018/11/20,,5,0,0,5,0,,,0
5013,P1000471,1270799,その他,,Pat東大阪菱屋西5丁目,パットヒガシオオサカヒシヤニシ,OSK7900074,577-0807,大阪府東大阪市菱屋西5丁目22番6、7,,,,,,,,,,,,,,,大阪府,東大阪市,菱屋西5丁目22番6、7,,,,,,,大阪府東大阪市菱屋西5丁目22番6、7,,,,,2018/12/10,,8,0,0,8,0,,,0
5014,P1000472,1270800,その他,,Pat淀川区東三国4丁目第1,パットヒガシミクニヨンチョウメダイイチ,OSK7900075,532-0002,大阪府大阪市淀川区東三国4丁目20番6,,,,,,,,,,,,,,,大阪府,大阪市淀川区,東三国4丁目20番6,,,,,,,大阪府大阪市淀川区東三国4丁目20番6,,,,,2018/12/21,,13,0,0,13,0,,,0
5015,P1000473,1270801,その他,,Pat淀川区東三国4丁目第2,パットヒガシミクニヨンチョウメダイニ,OSK7900076,532-0002,大阪府大阪市淀川区東三国4丁目20番6,,,,,,,,,,,,,,,大阪府,大阪市淀川区,東三国4丁目20番6,,,,,,,大阪府大阪市淀川区東三国4丁目20番6,,,,,2018/12/21,,4,0,0,4,0,,,0
5016,P1000474,1270802,その他,,Pat東住吉区北田辺2丁目第1,パットヒガシスミヨシクキタタナベニチョウメダイイチ,OSK7900095,546-0044,大阪府大阪市東住吉区北田辺2丁目95,,,,,,,,,,,,,,,大阪府,大阪市東住吉区,北田辺2丁目95,,,,,,,大阪府大阪市東住吉区北田辺2丁目95,,,,,2019/02/01,,26,0,0,26,0,,,0
5017,P1000478,1270806,その他,,Pat東住吉区北田辺4丁目,パットヒガシスミヨシクキタタナベヨンチョウメ,OSK7900099,546-0044,大阪府大阪市東住吉区北田辺4丁目4-1,,,,,,,,,,,,,,,大阪府,大阪市東住吉区,北田辺4丁目4-1,,,,,,,大阪府大阪市東住吉区北田辺4丁目4-1,,,,,2019/02/01,,30,0,0,30,0,,,0
5020,P1000481,1270810,タイムパーク,,北旅籠東2丁,キタハタゴヒガシニチョウ,OSK8000063,590-0923,大阪府堺市堺区北旅籠町東2丁1-8,,,,,,,,,,,,,,,大阪府,堺市堺区,北旅籠町東2丁1-8,,,,,,,大阪府堺市堺区北旅籠町東2丁1-8,,,,,2019/10/21,,6,0,0,6,0,,,0
5022,P1000483,1270813,Dﾊﾟｰｷﾝｸﾞ,,高鷲駅前駐輪場PS第1,タカワシエキマエチュウリンジョウ,OSK8100012,583-0882,大阪府羽曳野市高鷲1丁目,,,,,,,,,,,,,,,大阪府,羽曳野市,高鷲1丁目,,,,,,,大阪府羽曳野市高鷲1丁目,,,,,2020/06/26,,37,0,37,74,0,,,0
5027,P1000488,1270818,Dﾊﾟｰｷﾝｸﾞ,,十三本町1丁目PS第1,ジュウソウホンマチ,OSK8100101,532-0024,大阪市淀川区十三本町1丁目8-15横,,,,,,,,,,,,,,,大阪府,大阪市淀川区,十三本町1丁目8-15横,,,,,,,大阪市淀川区十三本町1丁目8-15横,,,,,2021/04/01,,0,0,69,69,69,,,69
5028,P1000489,1270819,Dﾊﾟｰｷﾝｸﾞ,,芥川2丁目PS第1,アクタガワ,OSK8200026,569-1123,大阪府高槻市芥川町2-10-13,,,,,,,,,,,,,,,大阪府,高槻市,芥川町2-10-13,,,,,,,大阪府高槻市芥川町2-10-13,,,,,2021/08/17,,161,0,161,322,0,,,0
5032,P1000493,1270823,タイムパーク,,西脇4丁目,ニシワキ,OSK8300003,547-0035,大阪府大阪市平野区西脇4-1-4,,,,,,,,,,,,,,,大阪府,大阪市平野区,西脇4-1-4,,,,,,,大阪府大阪市平野区西脇4-1-4,,,,,2022/04/20,,8,0,0,8,0,,,0
5033,P1000494,1270824,Dﾊﾟｰｷﾝｸﾞ,,垂水3丁目PS第1,タルミチョウ,OSK8300012,564-0062,大阪府吹田市垂水町3-25-8西隣,,,,,,,,,,,,,,,大阪府,吹田市,垂水町3-25-8西隣,,,,,,,大阪府吹田市垂水町3-25-8西隣,,,,,2022/06/01,,22,0,0,22,0,,,0
5034,P1000495,1270825,Dﾊﾟｰｷﾝｸﾞ,,北瓦町1丁PS第1,キタカワラマチ,OSK8300014,590-0076,大阪府堺市堺区北瓦町1-5-26,,,,,,,,,,,,,,,大阪府,堺市堺区,北瓦町1-5-26,,,,,,,大阪府堺市堺区北瓦町1-5-26,,,,,2022/06/08,,15,0,0,15,0,,,0
5035,P1000496,1270826,Dﾊﾟｰｷﾝｸﾞ,,石ヶ辻町PS第3,イシガツジチョウピーエスダイサン,OSK8300022,543-0031,大阪府大阪市天王寺区石ヶ辻町8-5,,,,,,,,,,,,,,,大阪府,大阪市天王寺区,石ヶ辻町8-5,,,,,,,大阪府大阪市天王寺区石ヶ辻町8-5,,,,,2022/07/01,,8,0,0,8,0,,,0
5036,P1000497,1270827,Dﾊﾟｰｷﾝｸﾞ,,内淡路町2丁目PS第1,ウチアワジマチ,OSK8300044,540-0038,大阪府大阪市中央区内淡路町2-3-10,,,,,,,,,,,,,,,大阪府,大阪市中央区,内淡路町2-3-10,,,,,,,大阪府大阪市中央区内淡路町2-3-10,,,,,2022/10/01,,3,0,0,3,0,,,0
5037,P1000498,1270828,Dﾊﾟｰｷﾝｸﾞ,,豊中駅前PS第1,トヨナカエキマエピーエスダイイチ,OSK8300056,560-0021,大阪府豊中市本町7丁目1-38,,,,,,,,,,,,,,,大阪府,豊中市,本町7丁目1-38,,,,,,,大阪府豊中市本町7丁目1-38,,,,,2023/01/23,,6,0,0,6,0,,,0
5038,P1000499,1270829,Dﾊﾟｰｷﾝｸﾞ,,砂道町PS第1,スナミチチョウピーエスダイイチ,OSK8300060,590-0002,大阪府堺市堺区砂道町1-14-7,,,,,,,,,,,,,,,大阪府,堺市堺区,砂道町1-14-7,,,,,,,大阪府堺市堺区砂道町1-14-7,,,,,2022/12/07,,5,0,0,5,0,,,0
5039,P1000500,1270830,Dﾊﾟｰｷﾝｸﾞ,,帝塚山駅前PS第1,テヅカヤマエキマエピーエスダイイチ,OSK8300063,558-0053,大阪市住吉区帝塚山中2-6-25,,,,,,,,,,,,,,,大阪府,大阪市住吉区,帝塚山中2-6-25,,,,,,,大阪市住吉区帝塚山中2-6-25,,,,,2023/01/06,,5,0,0,5,0,,,0
5040,P1000501,1270831,Dﾊﾟｰｷﾝｸﾞ,,豊崎5丁目PS第1,ディパーキングトヨサキゴチョウメピーエスダイイチ,OSK8300076,531-0072,大阪府大阪市北区豊崎5丁目8-17,,,,,,,,,,,,,,,大阪府,大阪市北区,豊崎5丁目8-17,,,,,,,大阪府大阪市北区豊崎5丁目8-17,,,,,2023/02/01,,50,0,50,100,0,,,0
5042,P1000503,1270834,Dﾊﾟｰｷﾝｸﾞ,,巽東4丁目PS第1,タツミヒガシヨンチョウメピーエスダイイチ,OSK8400005,544-0014,大阪府大阪市生野区巽東4丁目10-10,,,,,,,,,,,,,,,大阪府,大阪市生野区,巽東4丁目10-10,,,,,,,大阪府大阪市生野区巽東4丁目10-10,,,,,2023/04/28,,7,0,0,7,0,,,0
5043,P1000504,1270835,Dﾊﾟｰｷﾝｸﾞ,,長滝駅前PS第1,ナガタキエキマエピーエスダイイチ,OSK8400016,598-0034,大阪府泉佐野市長滝1146-7横,,,,,,,,,,,,,,,大阪府,泉佐野市,長滝1146-7横,,,,,,,大阪府泉佐野市長滝1146-7横,,,,,2023/06/07,,16,0,0,16,0,,,0
5044,P1000505,1270836,Dﾊﾟｰｷﾝｸﾞ,,桃谷4丁目PS第1,モモダニヨンチョウメピーエスダイイチ,OSK8400017,544-0034,大阪市生野区桃谷4丁目13,,,,,,,,,,,,,,,大阪府,大阪市生野区,桃谷4丁目13,,,,,,,大阪市生野区桃谷4丁目13,,,,,2023/06/14,,4,0,0,4,0,,,0
5045,P1000506,1270837,Dﾊﾟｰｷﾝｸﾞ,,甲斐町東3丁PS第1,カイマチヒガシサンチョウピーエスダイイチ,OSK8400027,590-0953,大阪府堺市堺区甲斐町東3丁1-3,,,,,,,,,,,,,,,大阪府,堺市堺区,甲斐町東3丁1-3,,,,,,,大阪府堺市堺区甲斐町東3丁1-3,,,,,2023/06/26,,34,0,0,34,0,,,0
5046,P1000507,1270838,Dﾊﾟｰｷﾝｸﾞ,,天満橋1丁目PS第1,テンマバシテンマバシイチチョウメピーエスダイイチ,OSK8400036,530-0042,大阪府大阪市北区天満橋1丁目3-12,,,,,,,,,,,,,,,大阪府,大阪市北区,天満橋1丁目3-12,,,,,,,大阪府大阪市北区天満橋1丁目3-12,,,,,2023/08/01,,4,0,0,4,0,,,0
5047,P1000508,1270839,Dﾊﾟｰｷﾝｸﾞ,,西田辺町1丁目PS第2,ニシタナベチョウイチチョウメピーエスダイニ,OSK8400044,545-0014,大阪府大阪市阿倍野区西田辺町1丁目5-18北,,,,,,,,,,,,,,,大阪府,大阪市阿倍野区,西田辺町1丁目5-18北,,,,,,,大阪府大阪市阿倍野区西田辺町1丁目5-18北,,,,,2023/08/01,,5,0,0,5,0,,,0
5048,P1000509,1270840,Dﾊﾟｰｷﾝｸﾞ,,勝山北3丁目PS第1,カツヤマキタサンチョウメピーエスダイイチ,OSK8400050,544-0033,大阪市生野区勝山北3-2-22,,,,,,,,,,,,,,,大阪府,大阪市生野区,勝山北3-2-22,,,,,,,大阪市生野区勝山北3-2-22,,,,,2023/09/01,,10,0,0,10,0,,,0
5050,P1000511,1270842,Dﾊﾟｰｷﾝｸﾞ,,逢阪1丁目PS第1,オウサカイチチョウメピーエスダイイチ,OSK8400069,543-0062,大阪府大阪市天王寺区逢阪1丁目2-2,,,,,,,,,,,,,,,大阪府,大阪市天王寺区,逢阪1丁目2-2,,,,,,,大阪府大阪市天王寺区逢阪1丁目2-2,,,,,2023/10/27,,5,0,0,5,0,,,0
5051,P1000512,1270843,Dﾊﾟｰｷﾝｸﾞ,,巽東4丁目PS第2,タツミヒガシヨンチョウメピーエスダイニ,OSK8400080,544-0014,大阪市生野区巽東4丁目6,,,,,,,,,,,,,,,大阪府,大阪市生野区,巽東4丁目6,,,,,,,大阪市生野区巽東4丁目6,,,,,2023/11/20,,7,0,0,7,0,,,0
5052,P1000513,1270844,Dﾊﾟｰｷﾝｸﾞ,,今津中3丁目PS第1,イマヅナカサンチョウメピーエスダイイチ,OSK8400098,538-0042,大阪府大阪市鶴見区今津中3丁目10-27,,,,,,,,,,,,,,,大阪府,大阪市鶴見区,今津中3丁目10-27,,,,,,,大阪府大阪市鶴見区今津中3丁目10-27,,,,,2024/01/29,,12,0,0,12,0,,,0
5053,P1000514,1270845,Dﾊﾟｰｷﾝｸﾞ,,御厨2丁目PS第1,ミクリヤニチョウメピーエスダイイチ,OSK8500013,577-0032,大阪府東大阪市御厨2丁目1-6,,,,,,,,,,,,,,,大阪府,東大阪市,御厨2丁目1-6,,,,,,,大阪府東大阪市御厨2丁目1-6,,,,,2024/05/20,,12,0,0,12,0,,,0
5054,P1000515,1270846,Dﾊﾟｰｷﾝｸﾞ,,加島PS第2,カシマピーエスダイニ,OSK8500025,532-0031,大阪府大阪市淀川区加島1丁目61-9,,,,,,,,,,,,,,,大阪府,大阪市淀川区,加島1丁目61-9,,,,,,,大阪府大阪市淀川区加島1丁目61-9,,,,,2024/06/18,,9,0,0,9,2,,,2
5056,P1000518,1270849,Dﾊﾟｰｷﾝｸﾞ,,津久野町1丁PS第1,ツクノチョウイチ丁ピーエスダイイチ,OSK8500082,593-8322,大阪府堺市西区津久野町1丁5-30,,,,,,,,,,,,,,,大阪府,堺市西区,津久野町1丁5-30,,,,,,,大阪府堺市西区津久野町1丁5-30,,,,,2025/01/22,,9,0,0,9,0,,,0
5057,P1000519,1270850,Dﾊﾟｰｷﾝｸﾞ,,東小橋1丁目PS第1,デイーパーキングヒガシオバセイチチョウメピーエスダイイチ,OSK8500087,537-0024,大阪府大阪市東成区東小橋1丁目16-18,,,,,,,,,,,,,,,大阪府,大阪市東成区,東小橋1丁目16-18,,,,,,,大阪府大阪市東成区東小橋1丁目16-18,,,,,2025/02/01,,5,0,0,5,0,,,0
5058,P1000520,1270851,Dﾊﾟｰｷﾝｸﾞ,,北信太駅駐輪場PS第1,キタシノダエキマエチュウリンジョウピーエスダイイチ,OSK8500109,594-0003,大阪府和泉市太町141-1,,,,,,,,,,,,,,,大阪府,和泉市,太町141-1,,,,,,,大阪府和泉市太町141-1,,,,,2025/04/18,,269,45,541,855,317,,,317
5059,P1000521,1270852,Dﾊﾟｰｷﾝｸﾞ,,東小橋1丁目PS第2,デイーパーキングヒガシオバセイチチョウメピーエスダイイチ,OSK8500112,537-0024,大阪市東成区東小橋1丁目16-17,,,,,,,,,,,,,,,大阪府,大阪市東成区,東小橋1丁目16-17,,,,,,,大阪市東成区東小橋1丁目16-17,,,,,2025/04/14,,4,0,0,4,0,,,0
5060,P1000522,1270853,Dﾊﾟｰｷﾝｸﾞ,,東小橋1丁目PS第3,デイーパーキングヒガシオバセイチチョウメピーエスダイイサン,OSK8500113,537-0024,大阪府大阪市東成区東小橋1丁目16-11,,,,,,,,,,,,,,,大阪府,大阪市東成区,東小橋1丁目16-11,,,,,,,大阪府大阪市東成区東小橋1丁目16-11,,,,,2025/04/14,,8,0,0,8,0,,,0
5061,P1000523,1270854,Dﾊﾟｰｷﾝｸﾞ,,加美鞍作3丁目PS第1,カミクラツクリサンチョウメピーエスダイイチ,OSK8600037,547-0001,大阪市平野区加美鞍作3丁目12-14,,,,,,,,,,,,,,,大阪府,大阪市平野区,加美鞍作3丁目12-14,,,,,,,大阪市平野区加美鞍作3丁目12-14,,,,,2025/11/01,,10,0,0,10,0,,,0
5062,P1000524,1270856,その他,,中崎町駅前ﾊﾟｰｷﾝｸﾞ,ナカザキエキマエパーキング,OSN7900004,530-0016,大阪市北区中崎3-1-16,,,,,,,,,,,,,,,大阪府,大阪市北区,中崎3-1-16,,,,,,,大阪市北区中崎3-1-16,,,,,2012/11/01,,,,,0,,,,0
5063,P1000525,1270859,その他,,ﾌｧﾐｰﾙ城東中央駐車場,ファミールジョウトウチュウオウチュウシャジョウ,OSN7900012,536-0005,大阪市城東区中央2丁目1番31号,,,,,,,,,,,,,,,大阪府,大阪市城東区,中央2丁目1番31号,,,,,,,大阪市城東区中央2丁目1番31号,,,,,2016/04/01,,,,,0,,,,0
5065,P1000527,1280192,タイムパーク,,大和町4丁目第1,ヤマトチョウ,KOB7800002,657-0031,兵庫県神戸市灘区大和町4-3-16,,,,,,,,,,,,,,,兵庫県,神戸市灘区,大和町4-3-16,,,,,,,兵庫県神戸市灘区大和町4-3-16,,,,,2005/06/01,,3,0,0,3,0,,,0
5067,P1000529,1280194,その他,,新西宮ﾖｯﾄﾊｰﾊﾞｰ,シンニシノミヤヨットハーバー,KOB7800004,662-0934,兵庫県西宮市西宮浜4-16-1,,,,,,,,,,,,,,,兵庫県,西宮市,西宮浜4-16-1,,,,,,,兵庫県西宮市西宮浜4-16-1,,,,,2014/04/04,,528,0,0,528,122,,,122
5069,P1000531,1280196,Dﾊﾟｰｷﾝｸﾞ,,南塚口5丁目PS第1,ミナミツカグチゴチョウメ,KOB7800006,661-0012,兵庫県尼崎市南塚口町5-17,,,,,,,,,,,,,,,兵庫県,尼崎市,南塚口町5-17,,,,,,,兵庫県尼崎市南塚口町5-17,,,,,2014/04/25,,10,0,0,10,0,,,0
5070,P1000532,1280197,Dﾊﾟｰｷﾝｸﾞ,,加古川,カコガワ,KOB7800007,675-0064,兵庫県加古川市加古川町溝之口字下船頭102-,,,,,,,,,,,,,,,兵庫県,加古川市,加古川町溝之口字下船頭102-,,,,,,,兵庫県加古川市加古川町溝之口字下船頭102-,,,,,2014/08/08,,24,0,0,24,0,,,0
5071,P1000533,1280198,その他,,ｹｰｽﾞHAT神戸ﾒﾃﾞｨｶﾙﾓｰﾙ,ケーズハットコウベメディカルモール,KOB7800008,651-0073,兵庫県神戸市中央区脇浜海岸通2-2,,,,,,,,,,,,,,,兵庫県,神戸市中央区,脇浜海岸通2-2,,,,,,,兵庫県神戸市中央区脇浜海岸通2-2,,,,,2014/09/08,,332,0,0,332,13,,,13
5075,P1000537,1280202,Dﾊﾟｰｷﾝｸﾞ,,南塚口7丁目PS第1,ミナミツカグチナナチョウメ,KOB7800012,661-0012,兵庫県尼崎市南塚口町7-32,,,,,,,,,,,,,,,兵庫県,尼崎市,南塚口町7-32,,,,,,,兵庫県尼崎市南塚口町7-32,,,,,2016/11/01,,6,0,0,6,0,,,0
5079,P1000541,1280206,Dﾊﾟｰｷﾝｸﾞ,,灘南通PS第1,ナダミナミドオリピーエスダイイチ,KOB8300008,657-0841,兵庫県神戸市灘区灘南通1丁目1-4,,,,,,,,,,,,,,,兵庫県,神戸市灘区,灘南通1丁目1-4,,,,,,,兵庫県神戸市灘区灘南通1丁目1-4,,,,,2023/02/01,,5,0,0,5,0,,,0
5080,P1000542,1280207,Dﾊﾟｰｷﾝｸﾞ,,苦楽園口駅前PS第1,ディパーキングクラクエングチエキマエ,KOB8400005,662-0075,兵庫県西宮市南越木岩町9,,,,,,,,,,,,,,,兵庫県,西宮市,南越木岩町9,,,,,,,兵庫県西宮市南越木岩町9,,,,,2023/08/05,,13,0,0,13,0,,,0
5081,P1000543,1280208,タイムパーク,,芦屋市岩園町PS第2,アシヤシイワゾノチョウピーエスダイニ,KOB8500016,659-0013,兵庫県芦屋市岩園町20-2,,,,,,,,,,,,,,,兵庫県,芦屋市,岩園町20-2,,,,,,,兵庫県芦屋市岩園町20-2,,,,,2024/10/15,,10,0,0,10,12,,,12
5082,P1000544,1280210,その他,,ｶｻﾍﾞﾗ国際ﾌﾟﾗｻﾞﾋﾞﾙ駐車場,カサベラコクサイプラザビルチュウシャジョウ,OSN7900007,651-0084,兵庫県神戸市中央区磯辺通1-1-18,,,,,,,,,,,,,,,兵庫県,神戸市中央区,磯辺通1-1-18,,,,,,,兵庫県神戸市中央区磯辺通1-1-18,,,,,2018/07/01,,7,0,0,7,85,,,85
5084,P1000546,1290070,Dﾊﾟｰｷﾝｸﾞ,,大輪田駅前PS第1,オオワダエキマエピーエスダイイチ,OSK8300101,636-0093,奈良県北葛城郡河合町大輪田1013-2,,,,,,,,,,,,,,,奈良県,北葛城郡河合町,大輪田1013-2,,,,,,,奈良県北葛城郡河合町大輪田1013-2,,,,,2023/04/07,,5,0,0,5,0,,,0
5085,P1000547,1290071,その他,,ならまち若草ﾓｰﾀｰﾌﾟｰﾙ,ナラマチワカクサモータープール,OSN7900002,630-8361,奈良県奈良市池之町17-5,,,,,,,,,,,,,,,奈良県,奈良市,池之町17-5,,,,,,,奈良県奈良市池之町17-5,,,,,2012/10/01,,57,0,0,57,0,,,0
5087,P1000550,1310004,タイムパーク,,今町PS第2,イママチニ,HIS7800044,680-0822,鳥取県鳥取市今町1-152,,,,,,,,,,,,,,,鳥取県,鳥取市,今町1-152,,,,,,,鳥取県鳥取市今町1-152,,,,,2017/09/01,,7,0,0,7,0,,,0
5088,P1000551,1310005,タイムパーク,,末広温泉町PS第1,スエヒロオンセンマチイチ,HIS7800045,680-0833,鳥取県鳥取市末広温泉町119,,,,,,,,,,,,,,,鳥取県,鳥取市,末広温泉町119,,,,,,,鳥取県鳥取市末広温泉町119,,,,,2017/09/01,,6,0,0,6,0,,,0
5089,P1000552,1310006,タイムパーク,,末広温泉町PS第2,スエヒロオンセンマチニ,HIS7800046,680-0833,鳥取県鳥取市末広温泉町271-1,,,,,,,,,,,,,,,鳥取県,鳥取市,末広温泉町271-1,,,,,,,鳥取県鳥取市末広温泉町271-1,,,,,2017/09/01,,7,0,0,7,0,,,0
5093,P1000556,1310010,タイムパーク,,永楽通りPS第1,エイラクドオリ,HIS7800050,680-0834,鳥取県鳥取市永楽温泉町455,,,,,,,,,,,,,,,鳥取県,鳥取市,永楽温泉町455,,,,,,,鳥取県鳥取市永楽温泉町455,,,,,2017/09/01,,6,0,0,6,1,,,1
5095,P1000558,1310012,タイムパーク,,永楽PS第1,エイラクエステートパーキング,HIS7800052,680-0834,鳥取県鳥取市永楽温泉町251,,,,,,,,,,,,,,,鳥取県,鳥取市,永楽温泉町251,,,,,,,鳥取県鳥取市永楽温泉町251,,,,,2017/09/01,,20,0,0,20,0,,,0
5096,P1000559,1310013,タイムパーク,,弥生町PS第2,ヤヨイチョウエステートパーキング,HIS7800053,680-0832,鳥取県鳥取市弥生町110,,,,,,,,,,,,,,,鳥取県,鳥取市,弥生町110,,,,,,,鳥取県鳥取市弥生町110,,,,,2017/09/01,,6,0,0,6,0,,,0
5097,P1000560,1310014,タイムパーク,,今町PS第4,イママチエステートパーキング,HIS7800054,680-0822,鳥取県鳥取市今町2-113,,,,,,,,,,,,,,,鳥取県,鳥取市,今町2-113,,,,,,,鳥取県鳥取市今町2-113,,,,,2017/09/01,,10,0,0,10,0,,,0
5098,P1000561,1310015,タイムパーク,,片原PS第1,カタハラエステートパーキング,HIS7800055,680-0023,鳥取県鳥取市片原2-105,,,,,,,,,,,,,,,鳥取県,鳥取市,片原2-105,,,,,,,鳥取県鳥取市片原2-105,,,,,2017/09/01,,17,0,0,17,5,,,5
5099,P1000562,1310016,タイムパーク,,末広PS第1,スエヒロエステートパーキング,HIS7800056,680-0833,鳥取県鳥取市末広温泉町360-1,,,,,,,,,,,,,,,鳥取県,鳥取市,末広温泉町360-1,,,,,,,鳥取県鳥取市末広温泉町360-1,,,,,2017/09/01,,21,0,0,21,2,,,2
5100,P1000563,1310017,タイムパーク,,鳥取幸町PS第1,トットリサイワイチョウピーエスダイ,HIS8000013,680-0823,鳥取県鳥取市幸町24-2の東寄りの一部,,,,,,,,,,,,,,,鳥取県,鳥取市,幸町24-2の東寄りの一部,,,,,,,鳥取県鳥取市幸町24-2の東寄りの一部,,,,,2019/10/20,,12,0,0,12,0,,,0
5102,P1000565,1310019,Dﾊﾟｰｷﾝｸﾞ,,弥生町PS第3,ヤヨイチョウピーエスダイサン,HIS8300017,680-0832,鳥取県鳥取市弥生町371,,,,,,,,,,,,,,,鳥取県,鳥取市,弥生町371,,,,,,,鳥取県鳥取市弥生町371,,,,,2022/11/07,,6,0,0,6,0,,,0
5103,P1000566,1310020,Dﾊﾟｰｷﾝｸﾞ,,末広温泉町PS第4,スエヒロオンセンチョウピーエスダイ,HIS8400011,680-0833,鳥取県鳥取市末広温泉町158-6,,,,,,,,,,,,,,,鳥取県,鳥取市,末広温泉町158-6,,,,,,,鳥取県鳥取市末広温泉町158-6,,,,,2023/11/09,,4,0,0,4,0,,,0
5104,P1000567,1310021,Dﾊﾟｰｷﾝｸﾞ,,末広温泉町PS第5,スエヒロオンセンチョウピーエスダイゴ,HIS8400012,680-0833,鳥取県鳥取市末広温泉町158-5,,,,,,,,,,,,,,,鳥取県,鳥取市,末広温泉町158-5,,,,,,,鳥取県鳥取市末広温泉町158-5,,,,,2023/12/15,,4,0,0,4,0,,,0
5121,P1000584,1340107,その他,,ﾍﾞｽﾄﾊｳｽﾊﾟｰｸ緑井,ベストハウスパークミドリイ,HIS7800020,731-0103,広島県広島市安佐南区緑井3-12-10,,,,,,,,,,,,,,,広島県,広島市安佐南区,緑井3-12-10,,,,,,,広島県広島市安佐南区緑井3-12-10,,,,,2008/07/08,,6,0,0,6,0,,,0
5130,P1000593,1340116,その他,,西条栄町ﾊﾟｰｷﾝｸﾞ,サイジョウサカエマチパーキング,HIS7800040,739-0015,広島県東広島市西条栄町7-48,,,,,,,,,,,,,,,広島県,東広島市,西条栄町7-48,,,,,,,広島県東広島市西条栄町7-48,,,,,2017/05/22,,127,0,0,127,0,,,0
5135,P1000598,1340121,Dﾊﾟｰｷﾝｸﾞ,,福島町2丁目PS第1,フクシマチョウニチョウメピーエスダイイチ,HIS7900022,733-0024,広島県広島市西区福島町2-14-4,,,,,,,,,,,,,,,広島県,広島市西区,福島町2-14-4,,,,,,,広島県広島市西区福島町2-14-4,,,,,2018/11/01,,8,0,0,8,0,,,0
5146,P1000609,1340132,Dﾊﾟｰｷﾝｸﾞ,,東千田町PS第1,ヒガシセンダマチピーエスダイイチ,HIS8300018,730-0053,広島県広島市中区東千田町2丁目8-9隣,,,,,,,,,,,,,,,広島県,広島市中区,東千田町2丁目8-9隣,,,,,,,広島県広島市中区東千田町2丁目8-9隣,,,,,2022/11/21,,5,0,0,5,0,,,0
5147,P1000610,1340133,Dﾊﾟｰｷﾝｸﾞ,,山本PS第1,ヤマモトピーエスダイイチ,HIS8400016,731-0137,広島県広島市安佐南区山本4丁目9-9,,,,,,,,,,,,,,,広島県,広島市安佐南区,山本4丁目9-9,,,,,,,広島県広島市安佐南区山本4丁目9-9,,,,,2024/01/31,,7,0,0,7,0,,,0
5148,P1000611,1340134,Dﾊﾟｰｷﾝｸﾞ,,白島九軒町PS第1,ハクシマクケンチョウピーエスダイイチ,HIS8500001,730-0003,広島県広島市中区白島九軒町23-2,,,,,,,,,,,,,,,広島県,広島市中区,白島九軒町23-2,,,,,,,広島県広島市中区白島九軒町23-2,,,,,2024/04/24,,4,0,0,4,0,,,0
5149,P1000612,1340135,Dﾊﾟｰｷﾝｸﾞ,,大町東3丁目PS第1,,HIS8500006,731-0124,広島県広島市安佐南区大町東3-25-33 駐車場,,,,,,,,,,,,,,,広島県,広島市安佐南区,大町東3-25-33 駐車場,,,,,,,広島県広島市安佐南区大町東3-25-33 駐車場,,,,,2024/06/26,,38,0,0,38,0,,,0
5150,P1000613,1340136,Dﾊﾟｰｷﾝｸﾞ,,広島天満町PS第1,ヒロシマテンマチョウピーエスダイイチ,HIS8500009,733-0022,広島県広島市西区天満町10-18,,,,,,,,,,,,,,,広島県,広島市西区,天満町10-18,,,,,,,広島県広島市西区天満町10-18,,,,,2024/09/02,,4,0,0,4,0,,,0
5151,P1000614,1340137,Dﾊﾟｰｷﾝｸﾞ,,三原市港町PS第1,ミハラシミナトマチピーエスダイイチ,HIS8500010,723-0017,広島県三原市港町3丁目7-5,,,,,,,,,,,,,,,広島県,三原市,港町3丁目7-5,,,,,,,広島県三原市港町3丁目7-5,,,,,2024/09/01,,12,0,0,12,0,,,0
5152,P1000615,1340138,Dﾊﾟｰｷﾝｸﾞ,,光南PS第1,コウナンピーエスダイイチ,HIS8500015,730-0825,広島県広島市中区光南2丁目18-2,,,,,,,,,,,,,,,広島県,広島市中区,光南2丁目18-2,,,,,,,広島県広島市中区光南2丁目18-2,,,,,2024/11/01,,6,0,0,6,0,,,0
5153,P1000616,1340139,Dﾊﾟｰｷﾝｸﾞ,,呉中央PS第1,クレチュウオウピーエスダイイチ,HIS8500026,737-0051,広島県呉市中央3丁目2-6,,,,,,,,,,,,,,,広島県,呉市,中央3丁目2-6,,,,,,,広島県呉市中央3丁目2-6,,,,,2024/12/02,,5,0,0,5,0,,,0
5154,P1000617,1340140,タイムパーク,,南観音PS第2,ミナミカンノンピーエスダイニ,HIS8500033,733-0035,広島県広島市西区南観音5丁目10-13の手前,,,,,,,,,,,,,,,広島県,広島市西区,南観音5丁目10-13の手前,,,,,,,広島県広島市西区南観音5丁目10-13の手前,,,,,2025/03/04,,6,0,0,6,0,,,0
5155,P1000618,1340141,Dﾊﾟｰｷﾝｸﾞ,,串戸PS第1,クシドピーエスダイイチ,HIS8500035,738-0033,広島県廿日市市串戸3丁目23-1,,,,,,,,,,,,,,,広島県,廿日市市,串戸3丁目23-1,,,,,,,広島県廿日市市串戸3丁目23-1,,,,,2025/04/01,,10,0,0,10,0,,,0
5158,P1000621,1350010,Dﾊﾟｰｷﾝｸﾞ,,岩国麻里布町PS第2,イワクニマリフマチピーエスダイニ,HIS8500025,740-0018,山口県岩国市麻里布町5丁目6-28,,,,,,,,,,,,,,,山口県,岩国市,麻里布町5丁目6-28,,,,,,,山口県岩国市麻里布町5丁目6-28,,,,,2024/12/02,,27,0,0,27,0,,,0
5163,P1000626,1380026,Dﾊﾟｰｷﾝｸﾞ,,松山市岩崎町PS第1,ディパーキングマツヤマシイワサキチョウピ,HIS8600015,790-0854,愛媛県松山市岩崎町１丁目7-44,,,,,,,,,,,,,,,愛媛県,松山市,岩崎町１丁目7-44,,,,,,,愛媛県松山市岩崎町１丁目7-44,,,,,2025/09/19,,11,0,0,11,29,,,29
5168,P1000631,1401084,タイムパーク,,小森野PS第1,コモリノピーエスダイイチ,FOK7800015,830-0001,福岡県久留米市小森野2丁目8,,,,,,,,,,,,,,,福岡県,久留米市,小森野2丁目8,,,,,,,福岡県久留米市小森野2丁目8,,,,,2016/11/30,,4,0,0,4,0,,,0
5184,P1000647,1401100,タイムパーク,,雑餉隈PS第1,ザッショノクマピーエスダイイチ,FOK7800170,812-0878,福岡県福岡市博多区竹丘町2丁目2-21,,,,,,,,,,,,,,,福岡県,福岡市博多区,竹丘町2丁目2-21,,,,,,,福岡県福岡市博多区竹丘町2丁目2-21,,,,,2003/07/22,,21,0,0,21,0,,,0
5185,P1000648,1401101,タイムパーク,,薬院PS第1,ヤクインピーエスダイイチ,FOK7800174,810-0022,福岡県福岡市中央区薬院3丁目16番21号,,,,,,,,,,,,,,,福岡県,福岡市中央区,薬院3丁目16番21号,,,,,,,福岡県福岡市中央区薬院3丁目16番21号,,,,,2015/04/17,,8,0,0,8,0,,,0
5202,P1000665,1401118,Dﾊﾟｰｷﾝｸﾞ,,博多駅前PS第3,ハカタエキマエピーエスダイサン,FOK7800234,812-0011,福岡県福岡市博多区博多駅前4-19-80,,,,,,,,,,,,,,,福岡県,福岡市博多区,博多駅前4-19-80,,,,,,,福岡県福岡市博多区博多駅前4-19-80,,,,,2007/03/23,,11,0,0,11,0,,,0
5229,P1000692,1401145,タイムパーク,,西公園PS第1,ニシコウエンピーエスダイイチ,FOK7800362,810-0061,福岡県福岡市中央区西公園8,,,,,,,,,,,,,,,福岡県,福岡市中央区,西公園8,,,,,,,福岡県福岡市中央区西公園8,,,,,2011/09/01,,4,0,0,4,0,,,0
5230,P1000693,1401146,タイムパーク,,千早PS第1,チハヤピーエスダイイチ,FOK7800364,813-0044,福岡県福岡市東区千早6丁目7-7,,,,,,,,,,,,,,,福岡県,福岡市東区,千早6丁目7-7,,,,,,,福岡県福岡市東区千早6丁目7-7,,,,,2011/09/16,,8,0,0,8,4,,,4
5231,P1000694,1401147,タイムパーク,,鳥飼PS第2,トリカイピーエスダイニ,FOK7800384,814-0103,福岡県福岡市城南区鳥飼7-14-3,,,,,,,,,,,,,,,福岡県,福岡市城南区,鳥飼7-14-3,,,,,,,福岡県福岡市城南区鳥飼7-14-3,,,,,2012/07/02,,10,0,0,10,0,,,0
5233,P1000696,1401149,タイムパーク,,西新PS第1,ニシジンピーエスダイイチ,FOK7800400,814-0002,福岡県福岡市早良区西新6丁目10,,,,,,,,,,,,,,,福岡県,福岡市早良区,西新6丁目10,,,,,,,福岡県福岡市早良区西新6丁目10,,,,,2012/12/05,,6,0,0,6,0,,,0
5238,P1000701,1401154,タイムパーク,,ｾﾝﾄﾗﾙ照葉PS第1,セントラルテリハピーエスダイイチ,FOK7800432,813-0017,福岡県福岡市東区香椎照葉4-23-31,,,,,,,,,,,,,,,福岡県,福岡市東区,香椎照葉4-23-31,,,,,,,福岡県福岡市東区香椎照葉4-23-31,,,,,2014/03/10,,3,0,0,3,0,,,0
5239,P1000702,1401155,タイムパーク,,ｾﾝﾄﾗﾙ照葉PS第2,セントラルテリハピーエスダイニ,FOK7800433,813-0017,福岡県福岡市東区香椎照葉4-23-31,,,,,,,,,,,,,,,福岡県,福岡市東区,香椎照葉4-23-31,,,,,,,福岡県福岡市東区香椎照葉4-23-31,,,,,2014/03/11,,4,0,0,4,0,,,0
5240,P1000703,1401156,タイムパーク,,鳥飼2丁目PS第2,トリカイニチョウメピーエスダイニ,FOK7800434,810-0053,福岡県福岡市中央区鳥飼2-97-2他（地番）,,,,,,,,,,,,,,,福岡県,福岡市中央区,鳥飼2-97-2他（地番）,,,,,,,福岡県福岡市中央区鳥飼2-97-2他（地番）,,,,,2014/02/15,,4,0,0,4,0,,,0
5241,P1000704,1401157,タイムパーク,,東比恵PS第2,ヒガシヒエピーエスダイニ,FOK7800435,812-0007,福岡県福岡市博多区東比恵3丁目2-7,,,,,,,,,,,,,,,福岡県,福岡市博多区,東比恵3丁目2-7,,,,,,,福岡県福岡市博多区東比恵3丁目2-7,,,,,2014/03/05,,12,0,0,12,0,,,0
5244,P1000707,1401160,タイムパーク,,ｽﾃﾗ南博多PS第1,ステラミナミハカタピーエスダイイチ,FOK7800450,812-0892,福岡県福岡市博多区東那珂2丁目10-58,,,,,,,,,,,,,,,福岡県,福岡市博多区,東那珂2丁目10-58,,,,,,,福岡県福岡市博多区東那珂2丁目10-58,,,,,2014/09/01,,3,0,0,3,0,,,0
5250,P1000713,1401166,Dﾊﾟｰｷﾝｸﾞ,,古門戸PS1,コモンドピーエスダイイチ,FOK7800468,812-0029,福岡県福岡市博多区古門戸町7-24,,,,,,,,,,,,,,,福岡県,福岡市博多区,古門戸町7-24,,,,,,,福岡県福岡市博多区古門戸町7-24,,,,,2015/03/05,,14,0,0,14,0,,,0
5253,P1000716,1401169,Dﾊﾟｰｷﾝｸﾞ,,渡辺通5丁目PS第1,ワタナベドオリゴチョウメピーエスダイイチ,FOK7800489,810-0004,福岡県福岡市中央区渡辺通5丁目3-16 横,,,,,,,,,,,,,,,福岡県,福岡市中央区,渡辺通5丁目3-16 横,,,,,,,福岡県福岡市中央区渡辺通5丁目3-16 横,,,,,2015/09/14,,12,0,0,12,0,,,0
5254,P1000717,1401170,タイムパーク,,鳥飼1丁目PS第1,トリカイイッチョウメピーエスダイイチ,FOK7800498,810-0053,福岡県福岡市中央区鳥飼1丁目3-27,,,,,,,,,,,,,,,福岡県,福岡市中央区,鳥飼1丁目3-27,,,,,,,福岡県福岡市中央区鳥飼1丁目3-27,,,,,2015/11/25,,17,0,0,17,0,,,0
5264,P1000727,1401181,タイムパーク,,吉野家大橋店PS第1,ヨシノヤオオハシテンピーエスダイイチ,FOK7800531,815-0033,福岡県福岡市南区大橋1丁目19-22,,,,,,,,,,,,,,,福岡県,福岡市南区,大橋1丁目19-22,,,,,,,福岡県福岡市南区大橋1丁目19-22,,,,,2016/12/07,,8,0,0,8,0,,,0
5266,P1000729,1401183,タイムパーク,,ｶｰｻPS第1,カーサピーエスダイイチ,FOK7800536,813-0017,福岡県福岡市東区香椎照葉2丁目1,,,,,,,,,,,,,,,福岡県,福岡市東区,香椎照葉2丁目1,,,,,,,福岡県福岡市東区香椎照葉2丁目1,,,,,2017/03/09,,3,0,0,3,0,,,0
5270,P1000733,1401187,タイムパーク,,千早PS第2,チハヤピーエスダイニ,FOK7800563,813-0044,福岡県福岡市東区千早6丁目6-16,,,,,,,,,,,,,,,福岡県,福岡市東区,千早6丁目6-16,,,,,,,福岡県福岡市東区千早6丁目6-16,,,,,2017/12/01,,17,0,0,17,0,,,0
5272,P1000735,1401189,タイムパーク,,ｶｰｻPS第2,カーサピーエスダイニ,FOK7800568,813-0017,福岡県福岡市東区香椎照葉2丁目1,,,,,,,,,,,,,,,福岡県,福岡市東区,香椎照葉2丁目1,,,,,,,福岡県福岡市東区香椎照葉2丁目1,,,,,2018/03/01,,3,0,0,3,0,,,0
5273,P1000736,1401190,タイムパーク,,花畑3丁目PS第1,ハナハタサンチョウメピーエスダイイチ,FOK7800569,811-1356,福岡県福岡市南区花畑3丁目31,,,,,,,,,,,,,,,福岡県,福岡市南区,花畑3丁目31,,,,,,,福岡県福岡市南区花畑3丁目31,,,,,2018/01/23,,7,0,0,7,0,,,0
5277,P1000740,1401194,タイムパーク,,古賀PS第1･第2,コガピーエスダイイチダイニ,FOK7800583,811-3101,福岡県古賀市天神1丁目3-35,,,,,,,,,,,,,,,福岡県,古賀市,天神1丁目3-35,,,,,,,福岡県古賀市天神1丁目3-35,,,,,2014/02/03,,23,0,0,23,0,,,0
5285,P1000750,1401205,Dﾊﾟｰｷﾝｸﾞ,,竹丘町2丁目PS第1,タケオカチョウニチョウメピーエスダイイチ,FOK8000097,812-0878,福岡県福岡市博多区竹丘町2-1,,,,,,,,,,,,,,,福岡県,福岡市博多区,竹丘町2-1,,,,,,,福岡県福岡市博多区竹丘町2-1,,,,,2020/02/01,,7,0,0,7,0,,,0
5290,P1000755,1401210,タイムパーク,,松香台2丁目PS第1,マツカダイニチョウメピーエスダイイチ,FOK8100045,8130004,福岡県福岡市東区松香台2-12-18,,,,,,,,,,,,,,,福岡県,福岡市東区,松香台2-12-18,,,,,,,福岡県福岡市東区松香台2-12-18,,,,,2020/08/22,,15,0,0,15,0,,,0
5292,P1000757,1401212,Dﾊﾟｰｷﾝｸﾞ,,草香江有料ｶﾞﾚｰｼﾞPS第1,クサガエユウリョウガレージ,FOK8100050,810-0045,福岡県福岡市中央区草香江1-7-183-2,,,,,,,,,,,,,,,福岡県,福岡市中央区,草香江1-7-183-2,,,,,,,福岡県福岡市中央区草香江1-7-183-2,,,,,2020/09/01,,14,0,0,14,0,,,0
5294,P1000759,1401214,Dﾊﾟｰｷﾝｸﾞ,,福岡愛宕1丁目PS第1,フクオカアタゴイッチョウメピーエスダイイチ,FOK8100103,8190015,福岡県福岡市西区愛宕１丁目２５,,,,,,,,,,,,,,,福岡県,福岡市西区,愛宕１丁目２５,,,,,,,福岡県福岡市西区愛宕１丁目２５,,,,,2021/04/05,,7,0,0,7,0,,,0
5298,P1000763,1401218,タイムパーク,,筑紫通PS第1,チクシドオリピーエスダイイチ,FOK8300002,812-0016,福岡県福岡市博多区博多駅南４丁目１-３,,,,,,,,,,,,,,,福岡県,福岡市博多区,博多駅南４丁目１-３,,,,,,,福岡県福岡市博多区博多駅南４丁目１-３,,,,,2022/05/06,,20,0,0,20,0,,,0
5299,P1000764,1401219,タイムパーク,,鳥飼7丁目PS第1,トリカイナナチョウメピーエスダイイチ,FOK8300020,814-0103,福岡県福岡市城南区鳥飼7丁目14,,,,,,,,,,,,,,,福岡県,福岡市城南区,鳥飼7丁目14,,,,,,,福岡県福岡市城南区鳥飼7丁目14,,,,,2022/07/01,,4,0,0,4,1,,,1
5300,P1000765,1401220,タイムパーク,,柏原6丁目PS第1,カシハラロクチョウメピーエスダイイチ,FOK8300068,811-1353,福岡県福岡市南区柏原６丁目19-19,,,,,,,,,,,,,,,福岡県,福岡市南区,柏原６丁目19-19,,,,,,,福岡県福岡市南区柏原６丁目19-19,,,,,2022/12/14,,5,0,0,5,0,,,0
5301,P1000766,1401221,Dﾊﾟｰｷﾝｸﾞ,,藤崎1丁目PS第2,フジサキイッチョウメピーエスダイニ,FOK8300078,814-0013,福岡県福岡市早良区藤崎１丁目1-25,,,,,,,,,,,,,,,福岡県,福岡市早良区,藤崎１丁目1-25,,,,,,,福岡県福岡市早良区藤崎１丁目1-25,,,,,2023/01/20,,15,0,0,15,0,,,0
5302,P1000767,1401222,タイムパーク,,土井1丁目PS第1,ドイイチチョウメピーエスダイイチ,FOK8300088,813-0032,福岡県福岡市東区土井1丁目8-20,,,,,,,,,,,,,,,福岡県,福岡市東区,土井1丁目8-20,,,,,,,福岡県福岡市東区土井1丁目8-20,,,,,2023/03/06,,11,0,0,11,0,,,0
5303,P1000768,1401223,Dﾊﾟｰｷﾝｸﾞ,,六ﾂ門橋PS第1,ムツモンバシピーエスダイイチ　プリンス,FOK8300103,830-0045,福岡県久留米市小頭町8-11,,,,,,,,,,,,,,,福岡県,久留米市,小頭町8-11,,,,,,,福岡県久留米市小頭町8-11,,,,,2023/03/20,,22,0,0,22,0,,,0
5304,P1000769,1401224,Dﾊﾟｰｷﾝｸﾞ,,六ﾂ門PS第3,ムツモンピーエスダイサン,FOK8300104,830-0031,福岡県久留米市六ツ門町2,,,,,,,,,,,,,,,福岡県,久留米市,六ツ門町2,,,,,,,福岡県久留米市六ツ門町2,,,,,2023/03/20,,11,0,0,11,0,,,0
5306,P1000771,1401226,Dﾊﾟｰｷﾝｸﾞ,,長尾PS第1,ナガオピーエスダイイチ,FOK8400007,814-0121,福岡県福岡市城南区神松寺２丁目４,,,,,,,,,,,,,,,福岡県,福岡市城南区,神松寺２丁目４,,,,,,,福岡県福岡市城南区神松寺２丁目４,,,,,2023/05/26,,9,0,0,9,0,,,0
5307,P1000772,1401227,Dﾊﾟｰｷﾝｸﾞ,,春町PS第1,デイーパーキングハルマチピーエスダイイチ,FOK8400027,812-0872,福岡県福岡市博多区春町1丁目4-26,,,,,,,,,,,,,,,福岡県,福岡市博多区,春町1丁目4-26,,,,,,,福岡県福岡市博多区春町1丁目4-26,,,,,2023/07/07,,8,0,0,8,0,,,0
5308,P1000773,1401228,Dﾊﾟｰｷﾝｸﾞ,,飯倉1丁目PS第1,イイクライチチョウメピーエスダイイチ,FOK8400053,814-0134,福岡県福岡市城南区飯倉1丁目3-22,,,,,,,,,,,,,,,福岡県,福岡市城南区,飯倉1丁目3-22,,,,,,,福岡県福岡市城南区飯倉1丁目3-22,,,,,2023/09/01,,12,0,0,12,0,,,0
5309,P1000774,1401229,その他,,Good高砂2丁目ﾊﾟｰｷﾝｸﾞ,グッドタカサゴニチョウメパーキング,FOK8400059,810-0011,福岡県福岡市中央区高砂2-12-5,,,,,,,,,,,,,,,福岡県,福岡市中央区,高砂2-12-5,,,,,,,福岡県福岡市中央区高砂2-12-5,,,,,2023/09/15,,4,0,0,4,0,,,0
5310,P1000775,1401230,Dﾊﾟｰｷﾝｸﾞ,,唐原7丁目PS第1,トウノハルナナチョウメピーエスダイイチ,FOK8400117,813-0001,福岡県福岡市東区唐原7丁目10-11,,,,,,,,,,,,,,,福岡県,福岡市東区,唐原7丁目10-11,,,,,サンシャインビュー　敷地内,,福岡県福岡市東区唐原7丁目10-11,,,,,2023/12/26,,2,0,0,2,0,,,0
5311,P1000776,1401231,Dﾊﾟｰｷﾝｸﾞ,,草香江2丁目PS第1,クサガエニチョウメピーエスダイイチ,FOK8400127,810-0045,福岡県福岡市草香江2丁目10-29,,,,,,,,,,,,,,,福岡県,福岡市中央区,福岡市草香江2丁目10-29,,,,,,,福岡県福岡市草香江2丁目10-29,,,,,2024/02/09,,10,0,0,10,2,,,2
5312,P1000777,1401232,Dﾊﾟｰｷﾝｸﾞ,,大楠3丁目PS第1,オオクスサンチョウメ,FOK8400130,815-0082,福岡県福岡市南区大楠3-16,,,,,,,,,,,,,,,福岡県,福岡市南区,大楠3-16,,,,,,,福岡県福岡市南区大楠3-16,,,,,2024/03/01,,12,0,0,12,0,,,0
5313,P1000778,1401233,Dﾊﾟｰｷﾝｸﾞ,,香住ヶ丘2丁目PS第1,カスミガオカニチョウメピーエスダイイチ,FOK8400136,813-0003,福岡県福岡市東区香住ヶ丘2丁目26-23,,,,,,,,,,,,,,,福岡県,福岡市東区,香住ヶ丘2丁目26-23,,,,,,,福岡県福岡市東区香住ヶ丘2丁目26-23,,,,,2024/02/26,,5,0,0,5,0,,,0
5314,P1000779,1401234,Dﾊﾟｰｷﾝｸﾞ,,東区原田1丁目PS第1,ヒガシクハラダイッチョウメピーエスダイイチ,FOK8400147,812-0063,福岡県福岡市東区原田1丁目30-55,,,,,,,,,,,,,,,福岡県,福岡市東区,原田1丁目30-55,,,,,,,福岡県福岡市東区原田1丁目30-55,,,,,2024/04/03,,8,0,0,8,0,,,0
5315,P1000780,1401235,タイムパーク,,吉野家築港本町店PS第1,ヨシノヤチッコウホンマチテン,FOK8500021,812-0022,福岡県福岡市博多区神屋町9-14,,,,,,,,,,,,,,,福岡県,福岡市博多区,神屋町9-14,,,,,,,福岡県福岡市博多区神屋町9-14,,,,,2024/06/10,,11,0,0,11,0,,,0
5316,P1000781,1401236,タイムパーク,,吉野家久留米市役所前PS第1,ヨシノヤクルメシヤクショマエ,FOK8500022,830-0023,福岡県久留米市中央町23-2,,,,,,,,,,,,,,,福岡県,久留米市,中央町23-2,,,,,,,福岡県久留米市中央町23-2,,,,,2024/06/11,,11,0,0,11,0,,,0
5317,P1000782,1401237,Dﾊﾟｰｷﾝｸﾞ,,清水1丁目PS第2(旧ﾀｲﾑP清水),シミズイチチョウメピーエスニ,FOK8500028,815-0031,福岡県福岡市南区清水1-5-1,,,,,,,,,,,,,,,福岡県,福岡市南区,清水1-5-1,,,,,,,福岡県福岡市南区清水1-5-1,,,,,2024/06/01,,4,0,0,4,0,,,0
5319,P1000784,1401239,Dﾊﾟｰｷﾝｸﾞ,,鳥飼5丁目PS第1,トリカイゴチョウメピーエスダイイチ,FOK8500047,814-0103,福岡県福岡市鳥飼5-13-39,,,,,,,,,,,,,,,福岡県,福岡市城南区,福岡市鳥飼5-13-39,,,,,,,福岡県福岡市鳥飼5-13-39,,,,,2024/08/05,,11,0,0,11,0,,,0
5320,P1000785,1401240,Dﾊﾟｰｷﾝｸﾞ,,那の川PS第6,ナノカワピーエスダイロク,FOK8500067,815-0081,福岡県福岡市南区那の川1-11-14,,,,,,,,,,,,,,,福岡県,福岡市南区,那の川1-11-14,,,,,,,福岡県福岡市南区那の川1-11-14,,,,,2024/10/04,,15,0,0,15,0,,,0
5321,P1000786,1401241,Dﾊﾟｰｷﾝｸﾞ,,田島3丁目PS第1,タジマサンチョウメピーエスダイイチ,FOK8500078,814-0113,福岡県福岡市城南区田島3-2-21,,,,,,,,,,,,,,,福岡県,福岡市城南区,田島3-2-21,,,,,,,福岡県福岡市城南区田島3-2-21,,,,,2024/10/18,,4,0,0,4,0,,,0
5322,P1000787,1401242,Dﾊﾟｰｷﾝｸﾞ,,上牟田3丁目PS第1,カミムタサンチョウメピーエスダイイチ,FOK8500090,812-0006,福岡県福岡市博多区上牟田3丁目11-3,,,,,,,,,,,,,,,福岡県,福岡市博多区,上牟田3丁目11-3,,,,,,,福岡県福岡市博多区上牟田3丁目11-3,,,,,2024/11/29,,3,0,0,3,0,,,0
5323,P1000788,1401243,Dﾊﾟｰｷﾝｸﾞ,,六ﾂ門PS第4,ムツモンピーエスダイヨン,FOK8500108,830-0031,福岡県久留米市六ツ門町7-28,,,,,,,,,,,,,,,福岡県,久留米市,六ツ門町7-28,,,,,,,福岡県久留米市六ツ門町7-28,,,,,2024/12/25,,4,0,0,4,0,,,0
5324,P1000789,1401244,Dﾊﾟｰｷﾝｸﾞ,,長住2丁目PS第1,ナガズミニチョウメピーエスダイイチ,FOK8500120,811-1362,福岡県福岡市南区長住2丁目21-13,,,,,,,,,,,,,,,福岡県,福岡市南区,長住2丁目21-13,,,,,,,福岡県福岡市南区長住2丁目21-13,,,,,2025/02/25,,11,0,0,11,0,,,0
5325,P1000790,1401245,Dﾊﾟｰｷﾝｸﾞ,,長住2丁目PS第2,ナガズミニチョウメピーエスダイニ,FOK8500121,811-1362,福岡県福岡市南区長住2丁目21-13,,,,,,,,,,,,,,,福岡県,福岡市南区,長住2丁目21-13,,,,,,,福岡県福岡市南区長住2丁目21-13,,,,,2025/02/25,,28,0,0,28,6,,,6
5327,P1000792,1401247,Dﾊﾟｰｷﾝｸﾞ,,東区原田2丁目PS第1,ヒガシクハラダニチョウメピーエスダイイチ,FOK8500127,812-0063,福岡県福岡市東区原田2丁目10-32東隣,,,,,,,,,,,,,,,福岡県,福岡市東区,原田2丁目10-32東隣,,,,,,,福岡県福岡市東区原田2丁目10-32東隣,,,,,2025/03/25,,4,0,0,4,0,,,0
5378,P1000843,1420016,タイムパーク,,大波止PS第1,オオハトピーエスダイイチ,FOK7800892,850-0036,長崎県長崎市五島町4-16,,,,,,,,,,,,,,,長崎県,長崎市,五島町4-16,,,,,,,長崎県長崎市五島町4-16,,,,,2006/10/30,,15,0,0,15,0,,,0
5379,P1000844,1420017,タイムパーク,,浜田町PS第1,ハマダマチピーエスダイイチ,FOK7800894,857-0051,長崎県佐世保市浜田町2-2,,,,,,,,,,,,,,,長崎県,佐世保市,浜田町2-2,,,,,,,長崎県佐世保市浜田町2-2,,,,,2003/07/11,,20,0,0,20,0,,,0
5382,P1000847,1420020,タイムパーク,,城栄PS第1,ジョウエイピーエスダイイチ,FOK7800911,852-8034,長崎県長崎市城栄町23番,,,,,,,,,,,,,,,長崎県,長崎市,城栄町23番,,,,,,,長崎県長崎市城栄町23番,,,,,2015/02/18,,10,0,0,10,0,,,0
5384,P1000849,1420022,タイムパーク,,大村PS第1,オオムラピーエスダイイチ,FOK7800913,856-0826,長崎県大村市東三城町4-2,,,,,,,,,,,,,,,長崎県,大村市,東三城町4-2,,,,,,,長崎県大村市東三城町4-2,,,,,2016/03/07,,40,0,0,40,15,,,15
5385,P1000850,1420023,タイムパーク,,本原PS第1,モトハラピーエスダイイチ,FOK7800914,852-8132,長崎県長崎市扇町2-20,,,,,,,,,,,,,,,長崎県,長崎市,扇町2-20,,,,,,,長崎県長崎市扇町2-20,,,,,2016/12/01,,28,0,0,28,0,,,0
5387,P1000852,1420025,Dﾊﾟｰｷﾝｸﾞ,,魚の町PS第1,ウオノマチピーエスダイイチ,FOK8400043,850-0874,"長崎県長崎市魚の町2-5,29",,,,,,,,,,,,,,,長崎県,長崎市,"魚の町2-5,29",,,,,,,"長崎県長崎市魚の町2-5,29",,,,,2023/08/04,,6,0,0,6,0,,,0
5388,P1000853,1420026,Dﾊﾟｰｷﾝｸﾞ,,佐世保光月町3丁目PS第1,サセボコウゲツチョウサンチョウメピーエスダイイチ,FOK8600027,857-0805,長崎県佐世保市光月町3-8,,,,,,,,,,,,,,,長崎県,佐世保市,光月町3-8,,,,,,,長崎県佐世保市光月町3-8,,,,,2025/09/17,,6,0,0,6,0,,,0
5396,P1000861,1430121,Dﾊﾟｰｷﾝｸﾞ,,熊本市大江5丁目PS第1,クマモトシオオエゴチョウメピーエスダイイチ,FOK8300077,862-0971,熊本県熊本市中央区大江５丁目3-25,,,,,,,,,,,,,,,熊本県,熊本市中央区,大江５丁目3-25,,,,,,,熊本県熊本市中央区大江５丁目3-25,,,,,2022/12/23,,18,0,0,18,0,,,0
5397,P1000862,1430122,Dﾊﾟｰｷﾝｸﾞ,,熊本ﾃﾙｻ前PS第1,クマモトテルサマエ,FOK8400029,862-0956,熊本県熊本市中央区水前寺公園16,,,,,,,,,,,,,,,熊本県,熊本市中央区,水前寺公園16,,,,,,,熊本県熊本市中央区水前寺公園16,,,,,2023/07/10,,9,0,0,9,0,,,0
5398,P1000863,1430123,Dﾊﾟｰｷﾝｸﾞ,,新大江1丁目PS第1,シンオオエイチチョウメ,FOK8400070,862-0972,熊本県熊本市中央区新大江1-3-24,,,,,,,,,,,,,,,熊本県,熊本市中央区,新大江1-3-24,,,,,,,熊本県熊本市中央区新大江1-3-24,,,,,2023/10/05,,9,0,0,9,0,,,0
5399,P1000864,1430124,Dﾊﾟｰｷﾝｸﾞ,,本荘5丁目PS第1,ホンジョウゴチョウメピーエスダイイチ,FOK8500135,860-0811,熊本県熊本市中央区本荘5丁目5-7,,,,,,,,,,,,,,,熊本県,熊本市中央区,本荘5丁目5-7,,,,,,,熊本県熊本市中央区本荘5丁目5-7,,,,,2025/04/01,,28,0,0,28,0,,,0
5411,P1000876,1440022,タイムパーク,,別府南PS第1(別府南駐車場),ベップミナミピーエスダイイチ,FOK7800796,874-0938,大分県別府市末広町1-32,,,,,,,,,,,,,,,大分県,別府市,末広町1-32,,,,,,,大分県別府市末広町1-32,,,,,2008/01/21,,22,0,0,22,0,,,0
5417,P1000882,1440028,Dﾊﾟｰｷﾝｸﾞ,,宗麟館PS第1,ソウリンカンピーエスダイイチ,FOK7800815,870-0823,大分県大分市東大道1丁目9-1,,,,,,,,,,,,,,,大分県,大分市,東大道1丁目9-1,,,,,,,大分県大分市東大道1丁目9-1,,,,,2015/04/06,,42,0,0,42,0,,,0
5424,P1000889,1440035,タイムパーク,,萩原1丁目PS第1,ハギワライッチョウメピーエスダイイチ,FOK8300056,870-0921,大分県大分市萩原1丁目19-40,,,,,,,,,,,,,,,大分県,大分市,萩原1丁目19-40,,,,,,,大分県大分市萩原1丁目19-40,,,,,2022/11/07,,70,0,0,70,0,,,0
5425,P1000890,1440036,Dﾊﾟｰｷﾝｸﾞ,,別府楠町PS第1,ベップクスノキマチ　ベップクスノキ,FOK8400078,874-0943,大分県別府市楠町3-8の隣,,,,,,,,,,,,,,,大分県,別府市,楠町3-8の隣,,,,,,,大分県別府市楠町3-8の隣,,,,,2023/10/23,,12,0,0,12,0,,,0
5433,P1000898,1450028,Dﾊﾟｰｷﾝｸﾞ,,延岡PS第1(西日本ｼﾃｨ),ノベオカピーエスダイイチ,KAG7800062,882-0823,宮崎県延岡市中町1-1-1,,,,,,,,,,,,,,,宮崎県,延岡市,中町1-1-1,,,,,,,宮崎県延岡市中町1-1-1,,,,,2016/03/15,,15,0,0,15,0,,,0
5435,P1000900,1450030,タイムパーク,,だるま,ダルマ,KAG8000009,880-0006,宮崎県宮崎市千草町25-4,,,,,,,,,,,,,,,宮崎県,宮崎市,千草町25-4,,,,,,,宮崎県宮崎市千草町25-4,,,,,2019/07/09,,20,0,0,20,0,,,0
5437,P1000902,1450032,Dﾊﾟｰｷﾝｸﾞ,,宮崎PS第1(かぎん),ミヤザキピーエスダイイチ,KAG8400011,880-0806,宮崎県宮崎市広島2丁目12-14,,,,,,,,,,,,,,,宮崎県,宮崎市,広島2丁目12-14,,,,,,,宮崎県宮崎市広島2丁目12-14,,,,,2023/10/31,,23,0,0,23,0,,,0
5438,P1000903,1450033,Dﾊﾟｰｷﾝｸﾞ,,橘通西3丁目PS第1,タチバナトオリニシサンチョウメピーエスダイイチ,KAG8400022,880-0001,宮崎県宮崎市橘通西３丁目９－５,,,,,,,,,,,,,,,宮崎県,宮崎市,橘通西３丁目９－５,,,,,,,宮崎県宮崎市橘通西３丁目９－５,,,,,2024/04/10,,70,0,0,70,2,,,2
5439,P1000904,1450034,Dﾊﾟｰｷﾝｸﾞ,,牟田町PS第2,ムタマチピーエスダイニ,KAG8600005,885-0079,宮崎県都城市牟田町２３－１３,,,,,,,,,,,,,,,宮崎県,都城市,牟田町２３－１３,,,,,,,宮崎県都城市牟田町２３－１３,,,,,2025/06/10,,6,0,0,6,0,,,0
5447,P1000912,1460017,その他,,荒田駐車場1(そうしん),アラタチュウシャジョウイチ,KAG7800008,890-0056,鹿児島県鹿児島市下荒田3-16-14,,,,,,,,,,,,,,,鹿児島県,鹿児島市,下荒田3-16-14,,,,,,,鹿児島県鹿児島市下荒田3-16-14,,,,,2005/04/25,,23,0,0,23,0,,,0
5451,P1000916,1460021,その他,,川内西向田駐車場(なんぎん),センダイニシムコウダチュウシャジョウ,KAG7800014,895-0027,鹿児島県薩摩川内市薩摩川内市西向田町14-1,,,,,,,,,,,,,,,鹿児島県,薩摩川内市,西向田町14-1,,,,,,,鹿児島県薩摩川内市薩摩川内市西向田町14-1,,,,,2006/02/13,,8,0,0,8,0,,,0
5453,P1000918,1460023,その他,,脇田駐車場(なんぎん),ワキタチュウシャジョウ,KAG7800016,890-0073,鹿児島県鹿児島市宇宿3-16-3,,,,,,,,,,,,,,,鹿児島県,鹿児島市,宇宿3-16-3,,,,,,,鹿児島県鹿児島市宇宿3-16-3,,,,,2006/06/12,,9,0,0,9,0,,,0
5458,P1000923,1460028,その他,,ﾌﾞﾙｰﾍﾞﾙﾊﾟｰｸ三和町,ブルーベルパークサンワチョウ,KAG7800028,890-0071,鹿児島県鹿児島市三和町51-2,,,,,,,,,,,,,,,鹿児島県,鹿児島市,三和町51-2,,,,,,,鹿児島県鹿児島市三和町51-2,,,,,2011/03/01,,3,0,0,3,0,,,0
5476,P1000941,1460046,その他,,T郡元ﾊﾟｰｷﾝｸﾞ,ティーコオリモトパーキング,KAG7800054,890-0066,鹿児島県鹿児島市真砂町2-1,,,,,,,,,,,,,,,鹿児島県,鹿児島市,真砂町2-1,,,,,,,鹿児島県鹿児島市真砂町2-1,,,,,2015/10/27,,11,0,0,11,0,,,0
5485,P1000950,1460055,その他,,上町駐車場(かしん),カンマチチュウシャジョウ,KAG7800067,892-0805,鹿児島県鹿児島市大竜町4-27,,,,,,,,,,,,,,,鹿児島県,鹿児島市,大竜町4-27,,,,,,,鹿児島県鹿児島市大竜町4-27,,,,,2017/01/24,,8,0,0,8,0,,,0
5486,P1000951,1460056,その他,,城西駐車場(かしん),ジョウセイチュウシャジョウ,KAG7800068,890-0042,鹿児島県鹿児島市薬師1-8-11,,,,,,,,,,,,,,,鹿児島県,鹿児島市,薬師1-8-11,,,,,,,鹿児島県鹿児島市薬師1-8-11,,,,,2017/01/31,,11,0,0,11,0,,,0
5492,P1000957,1460062,その他,,武町駐車場(かしん),タケマチチュウシャジョウ,KAG7800074,890-0053,鹿児島県鹿児島市中央町21-19,,,,,,,,,,,,,,,鹿児島県,鹿児島市,中央町21-19,,,,,,,鹿児島県鹿児島市中央町21-19,,,,,2017/09/26,,6,0,0,6,0,,,0
5505,P1000970,1460075,タイムパーク,,上町PS第2(なんぎん),カンマチピーエスダイイチ,KAG8000013,892-0805,鹿児島県鹿児島市大竜町3-11,,,,,,,,,,,,,,,鹿児島県,鹿児島市,大竜町3-11,,,,,,,鹿児島県鹿児島市大竜町3-11,,,,,2019/08/08,,22,0,0,22,0,,,0
5506,P1000971,1460076,Dﾊﾟｰｷﾝｸﾞ,,名瀬PS第1(かぎん),ナセピーエスダイイチ,KAG8000020,894-0026,鹿児島県奄美市名瀬港町１－１,,,,,,,,,,,,,,,鹿児島県,奄美市,名瀬港町１－１,,,,,,,鹿児島県奄美市名瀬港町１－１,,,,,2019/09/10,,26,0,0,26,0,,,0
5507,P1000972,1460077,タイムパーク,,奄美大島第1(なんぎん),アマミオオシマダイイチ,KAG8000025,894-0027,鹿児島県奄美市名瀬末広町1-26,,,,,,,,,,,,,,,鹿児島県,奄美市,名瀬末広町1-26,,,,,,,鹿児島県奄美市名瀬末広町1-26,,,,,2019/11/05,,8,0,0,8,0,,,0
5509,P1000974,1460079,その他,,ｱｶﾃﾞﾐｱﾊﾟｰｸ3,アカデミアパーク,KAG8000034,890-0045,鹿児島県鹿児島市武１丁目24-1,,,,,,,,,,,,,,,鹿児島県,鹿児島市,武１丁目24-1,,,,,,,鹿児島県鹿児島市武１丁目24-1,,,,,2020/02/17,,12,0,0,12,0,,,0
5510,P1000975,1460080,Dﾊﾟｰｷﾝｸﾞ,,谷山中央1丁目PS第1(駅),タニヤマチュウオウイチチョウメピーエスダイイチ,KAG8100004,891-0141,鹿児島県鹿児島市谷山中央１丁目4209,,,,,,,,,,,,,,,鹿児島県,鹿児島市,谷山中央１丁目4209,,,,,,,鹿児島県鹿児島市谷山中央１丁目4209,,,,,2020/04/16,,4,0,0,4,0,,,0
5514,P1000979,1460084,その他,,鴨池駐車場(かしん),カモイケチュウシャジョウ,KAG8200003,8900056,鹿児島県鹿児島市下荒田3丁目39-23,,,,,,,,,,,,,,,鹿児島県,鹿児島市,下荒田3丁目39-23,,,,,,,鹿児島県鹿児島市下荒田3丁目39-23,,,,,2021/04/27,,6,0,0,6,0,,,0
5515,P1000980,1460085,その他,,西千石駐車場,ニシセンゴクチュウシャジョウ,KAG8200010,892-0847,鹿児島県鹿児島市西千石町3-16,,,,,,,,,,,,,,,鹿児島県,鹿児島市,西千石町3-16,,,,,,,鹿児島県鹿児島市西千石町3-16,,,,,2021/06/11,,10,0,0,10,0,,,0
5518,P1000983,1460088,タイムパーク,,堀江町PS第5,ホリエチョウピーエスダイゴ,KAG8200020,892-0824,鹿児島県鹿児島市堀江町2-2,,,,,,,,,,,,,,,鹿児島県,鹿児島市,堀江町2-2,,,,,,,鹿児島県鹿児島市堀江町2-2,,,,,2021/09/15,,3,0,0,3,0,,,0
5519,P1000984,1460089,タイムパーク,,高麗町川田,コウライチョウカワダ,KAG8200031,890-0051,鹿児島県鹿児島市高麗町２１－３４,,,,,,,,,,,,,,,鹿児島県,鹿児島市,高麗町２１－３４,,,,,,,鹿児島県鹿児島市高麗町２１－３４,,,,,2022/04/11,,10,0,0,10,0,,,0
5520,P1000985,1460090,Dﾊﾟｰｷﾝｸﾞ,,呉服町PS1(かぎん),ゴフクチョウピーエスダイイチ,KAG8300005,892-0826,鹿児島県鹿児島市呉服町3-7,,,,,,,,,,,,,,,鹿児島県,鹿児島市,呉服町3-7,,,,,,,鹿児島県鹿児島市呉服町3-7,,,,,2022/05/27,,5,0,0,5,0,,,0
5521,P1000986,1460091,Dﾊﾟｰｷﾝｸﾞ,,上町PS第1(かぎん),カンマチピーエスダイイチ,KAG8300008,8920817,鹿児島県鹿児島市小川町13-9,,,,,,,,,,,,,,,鹿児島県,鹿児島市,小川町13-9,,,,,,,鹿児島県鹿児島市小川町13-9,,,,,2022/07/12,,8,0,0,8,0,,,0
5522,P1000987,1460092,Dﾊﾟｰｷﾝｸﾞ,,下竜尾町PS第1,シモタツオチョウピーエスダイイチ,KAG8300012,892-0852,鹿児島県鹿児島市下竜尾町5-25,,,,,,,,,,,,,,,鹿児島県,鹿児島市,下竜尾町5-25,,,,,,,鹿児島県鹿児島市下竜尾町5-25,,,,,2022/09/16,,12,0,0,12,0,,,0
5523,P1000988,1460093,Dﾊﾟｰｷﾝｸﾞ,,高麗町PS第2,コウライチョウピーエスダイニ,KAG8300015,890-0051,鹿児島県鹿児島市高麗町34-1,,,,,,,,,,,,,,,鹿児島県,鹿児島市,高麗町34-1,,,,,,,鹿児島県鹿児島市高麗町34-1,,,,,2022/11/08,,7,0,0,7,0,,,0
5524,P1000989,1460094,Dﾊﾟｰｷﾝｸﾞ,,照国町PS第1,テルクニチョウピーエスダイイチ,KAG8300017,892-0841,鹿児島県鹿児島市照国町１７－１,,,,,,,,,,,,,,,鹿児島県,鹿児島市,照国町１７－１,,,,,,,鹿児島県鹿児島市照国町１７－１,,,,,2022/12/07,,7,0,0,7,0,,,0
5525,P1000990,1460095,Dﾊﾟｰｷﾝｸﾞ,,加治屋町PS第2,カジヤチョウピーエスダイニ,KAG8300018,892-0846,鹿児島県鹿児島市加治屋町２－２４,,,,,,,,,,,,,,,鹿児島県,鹿児島市,加治屋町２－２４,,,,,,,鹿児島県鹿児島市加治屋町２－２４,,,,,2023/03/16,,25,0,0,25,0,,,0
5526,P1000991,1460096,Dﾊﾟｰｷﾝｸﾞ,,永吉2丁目PS第1,ナガヨシニチョウメピーエスダイイチ,KAG8300019,890-0023,鹿児島県鹿児島市永吉2丁目30-11,,,,,,,,,,,,,,,鹿児島県,鹿児島市,永吉2丁目30-11,,,,,,,鹿児島県鹿児島市永吉2丁目30-11,,,,,2023/01/20,,5,0,0,5,0,,,0
5527,P1000992,1460097,その他,,USUKI-325STﾋﾞﾙ駐車場,ウスキ－サンニゴエスティビルチュウシャジョウ,KAG8300020,890-0073,鹿児島県鹿児島市宇宿３丁目３３－４,,,,,,,,,,,,,,,鹿児島県,鹿児島市,宇宿３丁目３３－４,,,,,,,鹿児島県鹿児島市宇宿３丁目３３－４,,,,,2023/03/01,,8,0,0,8,0,,,0
5528,P1000993,1460098,その他,,高見馬場駐車場(かしん),タカミババチュウシャジョウ,KAG8300022,892-0847,鹿児島県鹿児島市西千石町17-7,,,,,,,,,,,,,,,鹿児島県,鹿児島市,西千石町17-7,,,,,,,鹿児島県鹿児島市西千石町17-7,,,,,2023/04/03,,15,0,0,15,0,,,0
5529,P1000994,1460099,Dﾊﾟｰｷﾝｸﾞ,,真砂本町PS第2,マサゴホンマチピーエスダイニ,KAG8400005,890-0067,鹿児島県鹿児島市真砂本町41-8,,,,,,,,,,,,,,,鹿児島県,鹿児島市,真砂本町41-8,,,,,,,鹿児島県鹿児島市真砂本町41-8,,,,,2023/07/06,,6,0,0,6,0,,,0
5530,P1000995,1460100,Dﾊﾟｰｷﾝｸﾞ,,下荒田4丁目PS第1,シタアラタヨンチョウメピーエスダイイチ,KAG8400008,890-0056,鹿児島県鹿児島市下荒田4-9-14,,,,,,,,,,,,,,,鹿児島県,鹿児島市,下荒田4-9-14,,,,,,,鹿児島県鹿児島市下荒田4-9-14,,,,,2023/08/21,,4,0,0,4,0,,,0
5531,P1000996,1460101,その他,,荒田2丁目駐車場,アラタニチョウメチュウシャジョウ,KAG8400009,890-0054,鹿児島県鹿児島市荒田2丁目71-10,,,,,,,,,,,,,,,鹿児島県,鹿児島市,荒田2丁目71-10,,,,,,,鹿児島県鹿児島市荒田2丁目71-10,,,,,2023/08/31,,5,0,0,5,0,,,0
5532,P1000997,1460102,Dﾊﾟｰｷﾝｸﾞ,,西田PS第3(かぎん),ニシダピーエスダイサン,KAG8400010,890-0046,鹿児島県鹿児島市西田3丁目7-13,,,,,,,,,,,,,,,鹿児島県,鹿児島市,西田3丁目7-13,,,,,,,鹿児島県鹿児島市西田3丁目7-13,,,,,2023/10/31,,12,0,0,12,0,,,0
5533,P1000998,1460103,Dﾊﾟｰｷﾝｸﾞ,,川内PS第1(かぎん),センダイピーエスダイイチ,KAG8400012,895-0027,鹿児島県薩摩川内市西向田町16-7,,,,,,,,,,,,,,,鹿児島県,薩摩川内市,西向田町16-7,,,,,,,鹿児島県薩摩川内市西向田町16-7,,,,,2023/10/01,,31,0,0,31,0,,,0
5534,P1000999,1460104,Dﾊﾟｰｷﾝｸﾞ,,鴨池PS第3(かぎん),カモイケピーエスダイサン,KAG8400013,890-0056,鹿児島県鹿児島市下荒田4-46-20,,,,,,,,,,,,,,,鹿児島県,鹿児島市,下荒田4-46-20,,,,,,,鹿児島県鹿児島市下荒田4-46-20,,,,,2023/10/01,,39,0,0,39,0,,,0
5535,P1001000,1460105,Dﾊﾟｰｷﾝｸﾞ,,たてばばPS第1(かぎん),タテババピーエスダイイチ,KAG8400014,892-0852,鹿児島県鹿児島市下竜尾町3-23,,,,,,,,,,,,,,,鹿児島県,鹿児島市,下竜尾町3-23,,,,,,,鹿児島県鹿児島市下竜尾町3-23,,,,,2023/10/01,,26,0,0,26,0,,,0
5536,P1001001,1460106,Dﾊﾟｰｷﾝｸﾞ,,西向田PS第2,ニシムコウダピーエスダイイチ,KAG8400023,895-0027,鹿児島県薩摩川内市西向田町１７－１７,,,,,,,,,,,,,,,鹿児島県,薩摩川内市,西向田町１７－１７,,,,,,,鹿児島県薩摩川内市西向田町１７－１７,,,,,2024/03/25,,6,0,0,6,0,,,0
5537,P1001002,1460107,Dﾊﾟｰｷﾝｸﾞ,,真砂町PS第2(入來),マサゴチョウピーエスダイニ,KAG8400024,890-0066,鹿児島県鹿児島市真砂町56-9,,,,,,,,,,,,,,,鹿児島県,鹿児島市,真砂町56-9,,,,,,,鹿児島県鹿児島市真砂町56-9,,,,,2024/03/26,,6,0,0,6,0,,,0
5538,P1001003,1460108,Dﾊﾟｰｷﾝｸﾞ,,武岡PS第1(かぎん),タケオカピーエスダイイチ,KAG8500002,8900031,鹿児島県鹿児島市武岡2丁目29-3,,,,,,,,,,,,,,,鹿児島県,鹿児島市,武岡2丁目29-3,,,,,,,鹿児島県鹿児島市武岡2丁目29-3,,,,,2024/04/23,,10,0,0,10,0,,,0
5539,P1001004,1460109,Dﾊﾟｰｷﾝｸﾞ,,朝日通りPS第1,アサヒトオリピーエスダイイチ,KAG8500003,892-0821,鹿児島県鹿児島市名山町１－２０,,,,,,,,,,,,,,,鹿児島県,鹿児島市,名山町１－２０,,,,,,,鹿児島県鹿児島市名山町１－２０,,,,,2024/06/01,,27,0,0,27,0,,,0
5540,P1001005,1460110,Dﾊﾟｰｷﾝｸﾞ,,国分中央3丁目PS第1,コクブチュウオウサンチョウメピーエスダイイチ,KAG8500005,899-4332,鹿児島県霧島市国分中央３－２９－７,,,,,,,,,,,,,,,鹿児島県,霧島市,国分中央３－２９－７,,,,,,,鹿児島県霧島市国分中央３－２９－７,,,,,2024/08/05,,5,0,0,5,0,,,0
5541,P1001006,1460111,Dﾊﾟｰｷﾝｸﾞ,,谷山中央2丁目PS第2,タニヤマチュウオウニチョウメピーエスダイニ,KAG8500008,891-0141,鹿児島県鹿児島市谷山中央２丁目４１１９－２,,,,,,,,,,,,,,,鹿児島県,鹿児島市,谷山中央２丁目４１１９－２,,,,,,,鹿児島県鹿児島市谷山中央２丁目４１１９－２,,,,,2024/09/05,,8,0,0,8,0,,,0
5542,P1001007,1460112,Dﾊﾟｰｷﾝｸﾞ,,山之口PS第2,ヤマノクチピーエスダイニ,KAG8500017,892-0844,鹿児島県鹿児島市山之口町9-39,,,,,,,,,,,,,,,鹿児島県,鹿児島市,山之口町9-39,,,,,,,鹿児島県鹿児島市山之口町9-39,,,,,2024/11/18,,3,0,0,3,0,,,0
5543,P1001008,1460113,Dﾊﾟｰｷﾝｸﾞ,,東向田PS第1,ヒガシムコウダピーエスダイイチ,KAG8500018,8950026,鹿児島県薩摩川内市東向田町14-7,,,,,,,,,,,,,,,鹿児島県,薩摩川内市,東向田町14-7,,,,,,,鹿児島県薩摩川内市東向田町14-7,,,,,2024/12/05,,22,0,0,22,0,,,0
5544,P1001009,1460114,その他,,ﾌﾞﾙｰﾍﾞﾙﾊﾟｰｸ高麗町,ブルーベルパークコウライチョウ,KAG8500019,890-0051,鹿児島県鹿児島市高麗町１８－１１,,,,,,,,,,,,,,,鹿児島県,鹿児島市,高麗町１８－１１,,,,,,,鹿児島県鹿児島市高麗町１８－１１,,,,,2024/12/10,,7,0,0,7,0,,,0
5545,P1001010,1460115,その他,,ﾌﾞﾙｰﾍﾞﾙﾊﾟｰｸ郡元2丁目,ブルーベルパークコオリモトニチョウメ,KAG8500020,890-0065,鹿児島県鹿児島市郡元2丁目23-6,,,,,,,,,,,,,,,鹿児島県,鹿児島市,郡元2丁目23-6,,,,,,,鹿児島県鹿児島市郡元2丁目23-6,,,,,2025/02/03,,4,0,0,4,0,,,0
5546,P1001011,1460116,Dﾊﾟｰｷﾝｸﾞ,,荒田1丁目PS第3,アラタイッチョウメピーエスダイサン,KAG8500021,890-0054,鹿児島県鹿児島市荒田1丁目４７－１０,,,,,,,,,,,,,,,鹿児島県,鹿児島市,荒田1丁目４７－１０,,,,,,,鹿児島県鹿児島市荒田1丁目４７－１０,,,,,2025/02/18,,8,0,0,8,0,,,0
5547,P1001012,1460117,Dﾊﾟｰｷﾝｸﾞ,,小川町PS第3,オガワチョウピーエスダイサン,KAG8600001,892-0817,鹿児島県鹿児島市小川町5-3,,,,,,,,,,,,,,,鹿児島県,鹿児島市,小川町5-3,,,,,,,鹿児島県鹿児島市小川町5-3,,,,,2025/04/16,,9,0,0,9,0,,,0
5548,P1001013,1460118,Dﾊﾟｰｷﾝｸﾞ,,真砂本町PS第3,マサゴホンマチピーエスダイサン,KAG8600002,890-0067,鹿児島県鹿児島市真砂本町43-4,,,,,,,,,,,,,,,鹿児島県,鹿児島市,真砂本町43-4,,,,,,,鹿児島県鹿児島市真砂本町43-4,,,,,2025/05/03,,6,0,0,6,0,,,0
5549,P1001014,1460119,Dﾊﾟｰｷﾝｸﾞ,,平之町PS第1,ヒラノチョウピーエスダイイチ,KAG8600010,892-0848,鹿児島県鹿児島市平之町3-15,,,,,,,,,,,,,,,鹿児島県,鹿児島市,平之町3-15,,,,,,,鹿児島県鹿児島市平之町3-15,,,,,2025/10/10,,4,0,0,4,0,,,0
5551,P1000262,1131602,Dﾊﾟｰｷﾝｸﾞ,,桜新町駅前PS駐輪場,サクラシンマチエキマエピーエスチュウリンジョウ,TOK8500123,154-0015,東京都世田谷区桜新町1丁目12-16,,,,,,,,,,,,,,,東京都,世田谷区,桜新町1丁目12-16,,,,,,,東京都世田谷区桜新町1丁目12-16,,,,,2025/02/05,,0,0,62,62,0,,,0
5552,P1000292,1140549,Dﾊﾟｰｷﾝｸﾞ,,ｶﾐｵPS,カミオピーエス,HIR8100014,233-0002,神奈川県横浜市港南区上大岡西1-15-1,,,,,,,,,,,,,,,神奈川県,横浜市港南区,上大岡西1-15-1,,,,,,,神奈川県横浜市港南区上大岡西1-15-1,,,,,2020/09/19,,0,0,33,33,0,,,0
5553,P1000742,1401196,Dﾊﾟｰｷﾝｸﾞ,,ｻﾆｰ那の川PS第1,サニーナノカワピーエスダイイチ,FOK7801119,810-0015,福岡県福岡市中央区那の川2-6-1,,,,,,,,,,,,,,,福岡県,福岡市中央区,那の川2-6-1,,,,,,,福岡県福岡市中央区那の川2-6-1,,,,,2018/06/19,,0,0,69,69,0,,,0
,,,,,,,,,,,,,,,,,,,,,,,,,,,,,,,,,,,,,,,,,,,,,,,
,,,,,以下、大和リースの物件,,,,,,,,,,,,,,,,,,,,,,,,,,,,,,,,,,,,,,,,,,
,,,,,立町第１,,,,宮城県仙台市青葉区立町１０－１０,,,,,,,,,,,,,,,,,,,,,,,,,,,,,,,,,,,,,,
,,,,,片平１丁目第１,,,,宮城県仙台市青葉区片平１丁目３－６,,,,,,,,,,,,,,,,,,,,,,,,,,,,,,,,,,,,,,
,,,,,荒井駅前第１,,,,宮城県仙台市若林区荒井６丁目１２－３、１２－８,,,,,,,,,,,,,,,,,,,,,,,,,,,,,,,,,,,,,,
,,,,,石巻駅前第１,,,,宮城県石巻市鋳銭場１－４　他９筆,,,,,,,,,,,,,,,,,,,,,,,,,,,,,,,,,,,,,,
,,,,,仙台向山４丁目第１,,,,宮城県仙台市太白区向山４丁目９－３　他,,,,,,,,,,,,,,,,,,,,,,,,,,,,,,,,,,,,,,
,,,,,仙台二日町第２,,,,宮城県仙台市青葉区二日町１７－３１,,,,,,,,,,,,,,,,,,,,,,,,,,,,,,,,,,,,,,
,,,,,仙台八乙女中央４丁目第１,,,,宮城県仙台市泉区八乙女中央４丁目１４８－９,,,,,,,,,,,,,,,,,,,,,,,,,,,,,,,,,,,,,,
,,,,,仙台花壇第１,,,,宮城県仙台市青葉区花壇５,,,,,,,,,,,,,,,,,,,,,,,,,,,,,,,,,,,,,,
,,,,,荒井駅前第３,,,,宮城県仙台市若林区荒井１６－１,,,,,,,,,,,,,,,,,,,,,,,,,,,,,,,,,,,,,,
,,,,,八幡３丁目第１,,,,宮城県仙台市青葉区八幡３丁目９７、９９－１,,,,,,,,,,,,,,,,,,,,,,,,,,,,,,,,,,,,,,
,,,,,青葉区昭和町第１,,,,宮城県仙台市青葉区昭和町４－１７,,,,,,,,,,,,,,,,,,,,,,,,,,,,,,,,,,,,,,
,,,,,上杉３丁目第２,,,,宮城県仙台市青葉区上杉３丁目５－２３,,,,,,,,,,,,,,,,,,,,,,,,,,,,,,,,,,,,,,
,,,,,仙台土樋第１,,,,宮城県仙台市若林区土樋１３の一部,,,,,,,,,,,,,,,,,,,,,,,,,,,,,,,,,,,,,,
,,,,,仙台大町２丁目第１,,,,宮城県仙台市青葉区大町２丁目１０－１４,,,,,,,,,,,,,,,,,,,,,,,,,,,,,,,,,,,,,,
,,,,,仙台旭ヶ丘２丁目第１,,,,宮城県仙台市青葉区旭ケ丘２丁目２０－１,,,,,,,,,,,,,,,,,,,,,,,,,,,,,,,,,,,,,,
,,,,,泉中央１丁目第２,,,,宮城県仙台市泉区泉中央１丁目３１－２の一部,,,,,,,,,,,,,,,,,,,,,,,,,,,,,,,,,,,,,,
,,,,,仙台みずほ台,,,,宮城県仙台市泉区みずほ台３－１１、３－１２、３－３１,,,,,,,,,,,,,,,,,,,,,,,,,,,,,,,,,,,,,,
,,,,,仙台国分町第２,,,,宮城県仙台市青葉区国分町３丁目５,,,,,,,,,,,,,,,,,,,,,,,,,,,,,,,,,,,,,,
,,,,,仙台柏木２丁目第１,,,,宮城県仙台市青葉区柏木２丁目４－７４,,,,,,,,,,,,,,,,,,,,,,,,,,,,,,,,,,,,,,
,,,,,仙台柏木１丁目第１,,,,宮城県仙台市青葉区柏木１丁目２８－２４,,,,,,,,,,,,,,,,,,,,,,,,,,,,,,,,,,,,,,
,,,,,仙台三百人町第１,,,,宮城県仙台市若林区三百人町８７－６、８７－７（一部）,,,,,,,,,,,,,,,,,,,,,,,,,,,,,,,,,,,,,,
,,,,,仙台錦町１丁目第１,,,,宮城県仙台市青葉区錦町１丁目１７７番の一部,,,,,,,,,,,,,,,,,,,,,,,,,,,,,,,,,,,,,,
,,,,,上杉５丁目第１,,,,宮城県仙台市青葉区上杉５丁目３－１８,,,,,,,,,,,,,,,,,,,,,,,,,,,,,,,,,,,,,,
,,,,,仙台中央４丁目第３,,,,宮城県仙台市青葉区中央４丁目９―１２,,,,,,,,,,,,,,,,,,,,,,,,,,,,,,,,,,,,,,
,,,,,仙台錦町１丁目第２,,,,宮城県仙台市青葉区錦町１丁目１２－１５,,,,,,,,,,,,,,,,,,,,,,,,,,,,,,,,,,,,,,
,,,,,仙台錦町１丁目第３,,,,宮城県仙台市青葉区錦町１丁目１７４,,,,,,,,,,,,,,,,,,,,,,,,,,,,,,,,,,,,,,
,,,,,ウエルシア薬局泉中央１丁目店,,,,宮城県仙台市泉区泉中央１丁目２０－１、２０－２,,,,,,,,,,,,,,,,,,,,,,,,,,,,,,,,,,,,,,
,,,,,本塩釜駅前,,,,宮城県塩竈市尾島町２１－３,,,,,,,,,,,,,,,,,,,,,,,,,,,,,,,,,,,,,,
,,,,,南１９条西１５丁目第１,,,,北海道 札幌市中央区 南十九条西 １５丁目 １９番１,,,,,,,,,,,,,,,,,,,,,,,,,,,,,,,,,,,,,,
,,,,,小樽色内２丁目第１,,,,北海道小樽市色内２丁目１７７番,,,,,,,,,,,,,,,,,,,,,,,,,,,,,,,,,,,,,,
,,,,,二十四軒２条４丁目第１,,,,北海道札幌市西区二十四軒二条４丁目２の一部,,,,,,,,,,,,,,,,,,,,,,,,,,,,,,,,,,,,,,
,,,,,美園９条２丁目第１,,,,北海道札幌市豊平区美園九条２丁目１番１,,,,,,,,,,,,,,,,,,,,,,,,,,,,,,,,,,,,,,
,,,,,小樽駅前第１,,,,北海道小樽市稲穂３丁目３９－６の一部,,,,,,,,,,,,,,,,,,,,,,,,,,,,,,,,,,,,,,
,,,,,宮の森１条４丁目第１,,,,北海道札幌市中央区宮の森一条４丁目７、８,,,,,,,,,,,,,,,,,,,,,,,,,,,,,,,,,,,,,,
,,,,,北５条西２２丁目第１,,,,北海道札幌市中央区北五条西２２丁目６６－７の一部,,,,,,,,,,,,,,,,,,,,,,,,,,,,,,,,,,,,,,
,,,,,二十四軒３条３丁目第１,,,,北海道札幌市西区二十四軒三条３丁目２番６,,,,,,,,,,,,,,,,,,,,,,,,,,,,,,,,,,,,,,
,,,,,小樽色内２丁目第２,,,,北海道小樽市色内２丁目７６―１,,,,,,,,,,,,,,,,,,,,,,,,,,,,,,,,,,,,,,
,,,,,宮の森２条７丁目第１,,,,北海道札幌市中央区宮の森二条７丁目２８７－１６,,,,,,,,,,,,,,,,,,,,,,,,,,,,,,,,,,,,,,
,,,,,北３４条駅前第１,,,,北海道札幌市北区北三十二条西４丁目４丁目２７７－１３０、２７７,,,,,,,,,,,,,,,,,,,,,,,,,,,,,,,,,,,,,,
,,,,,北４条西１２丁目第１,,,,北海道札幌市中央区北四条西１２丁目１－７,,,,,,,,,,,,,,,,,,,,,,,,,,,,,,,,,,,,,,
,,,,,野幌駅前第１,,,,北海道江別市野幌町５８－１の一部、５８－１３の一部,,,,,,,,,,,,,,,,,,,,,,,,,,,,,,,,,,,,,,
,,,,,北６条西２４丁目第１,,,,北海道札幌市中央区北六条西２４丁目１番２,,,,,,,,,,,,,,,,,,,,,,,,,,,,,,,,,,,,,,
,,,,,栄町駅前,,,,北海道札幌市東区北四十二条東１５丁目１８－２の一部、１８－８の一部,,,,,,,,,,,,,,,,,,,,,,,,,,,,,,,,,,,,,,
,,,,,盛岡上ノ橋,,,,岩手県盛岡市上ノ橋町６番１１、６番１７,,,,,,,,,,,,,,,,,,,,,,,,,,,,,,,,,,,,,,
,,,,,紺屋町第１,,,,岩手県盛岡市紺屋町９６，９７－１，９７－２，９８,,,,,,,,,,,,,,,,,,,,,,,,,,,,,,,,,,,,,,
,,,,,盛岡本町通一丁目第１,,,,岩手県盛岡市本町通１丁目２８８番２、２８８番４,,,,,,,,,,,,,,,,,,,,,,,,,,,,,,,,,,,,,,
,,,,,盛岡信用金庫本店,,,,岩手県盛岡市中ノ橋通１丁目４番６号,,,,,,,,,,,,,,,,,,,,,,,,,,,,,,,,,,,,,,
,,,,,秋田大町５丁目第１,,,,秋田県秋田市大町５丁目１１０　他２筆,,,,,,,,,,,,,,,,,,,,,,,,,,,,,,,,,,,,,,
,,,,,秋田中通２丁目第１,,,,秋田県秋田市中通２丁目２５４の一部,,,,,,,,,,,,,,,,,,,,,,,,,,,,,,,,,,,,,,
,,,,,千川２丁目第１,,,,東京都豊島区千川２丁目２０－１,,,,,,,,,,,,,,,,,,,,,,,,,,,,,,,,,,,,,,
,,,,,中野区若宮３丁目第１,,,,東京都中野区若宮３丁目３０７－１,,,,,,,,,,,,,,,,,,,,,,,,,,,,,,,,,,,,,,
,,,,,高円寺南５丁目第一,,,,東京都杉並区高円寺南５丁目５３４－６７,,,,,,,,,,,,,,,,,,,,,,,,,,,,,,,,,,,,,,
,,,,,深沢２丁目第１,,,,東京都世田谷区深沢２丁目５０－４、５０－２０、５０－２３の一部,,,,,,,,,,,,,,,,,,,,,,,,,,,,,,,,,,,,,,
,,,,,大田区山王１丁目第１,,,,東京都大田区山王１丁目２６１６－１の一部,,,,,,,,,,,,,,,,,,,,,,,,,,,,,,,,,,,,,,
,,,,,足立区梅田７丁目第一,,,,東京都足立区梅田７丁目１６７２－１の一部,,,,,,,,,,,,,,,,,,,,,,,,,,,,,,,,,,,,,,
,,,,,下井草１丁目第一,,,,東京都杉並区下井草１丁目９３７－１の一部、９３７－２、９３８－１の一部,,,,,,,,,,,,,,,,,,,,,,,,,,,,,,,,,,,,,,
,,,,,青戸５丁目第１,,,,東京都葛飾区青戸５丁目１３８－２　の一部,,,,,,,,,,,,,,,,,,,,,,,,,,,,,,,,,,,,,,
,,,,,東品川１丁目第１,,,,東京都品川区東品川１丁目７－３,,,,,,,,,,,,,,,,,,,,,,,,,,,,,,,,,,,,,,
,,,,,拝島駅前第２,,,,東京都昭島市松原町５丁目２９７９－２３、２９７９－２４の一部,,,,,,,,,,,,,,,,,,,,,,,,,,,,,,,,,,,,,,
,,,,,拝島駅前第１,,,,東京都昭島市松原町５丁目２９８２－６の一部,,,,,,,,,,,,,,,,,,,,,,,,,,,,,,,,,,,,,,
,,,,,世田谷区上祖師谷４丁目,,,,東京都世田谷区上祖師谷４丁目１１２２－１,,,,,,,,,,,,,,,,,,,,,,,,,,,,,,,,,,,,,,
,,,,,調布市国領町第１,,,,東京都調布市国領町１丁目２０－４の一部・２０－２６,,,,,,,,,,,,,,,,,,,,,,,,,,,,,,,,,,,,,,
,,,,,東日暮里３丁目,,,,東京都荒川区東日暮里３丁目１－１０,,,,,,,,,,,,,,,,,,,,,,,,,,,,,,,,,,,,,,
,,,,,三軒茶屋１丁目,,,,東京都世田谷区三軒茶屋１丁目７９－１７,,,,,,,,,,,,,,,,,,,,,,,,,,,,,,,,,,,,,,
,,,,,足立区梅田２丁目第１,,,,東京都足立区梅田２丁目１１－２１、他,,,,,,,,,,,,,,,,,,,,,,,,,,,,,,,,,,,,,,
,,,,,上石神井４丁目第１,,,,東京都練馬区上石神井４丁目７３０－１７,,,,,,,,,,,,,,,,,,,,,,,,,,,,,,,,,,,,,,
,,,,,世田谷区宇奈根１丁目,,,,東京都世田谷区宇奈根１丁目２５５－３５の一部、２５５－３６,,,,,,,,,,,,,,,,,,,,,,,,,,,,,,,,,,,,,,
,,,,,大田区西六郷３丁目,,,,東京都大田区西六郷３丁目１８－１９，１８－２１の一部,,,,,,,,,,,,,,,,,,,,,,,,,,,,,,,,,,,,,,
,,,,,八王子駅前第１,,,,東京都八王子市子安町１丁目１１１番１,,,,,,,,,,,,,,,,,,,,,,,,,,,,,,,,,,,,,,
,,,,,ＡＯＫＩ井草店,,,,東京都杉並区井草３丁目５０－３、５１－３、５０－１・５３－２の一部,,,,,,,,,,,,,,,,,,,,,,,,,,,,,,,,,,,,,,
,,,,,西武信用金庫秋川支店,,,,東京都あきる野市秋川１丁目３－１、３－２,,,,,,,,,,,,,,,,,,,,,,,,,,,,,,,,,,,,,,
,,,,,青和信用組合細田支店,,,,東京都葛飾区細田４丁目２３－１９,,,,,,,,,,,,,,,,,,,,,,,,,,,,,,,,,,,,,,
,,,,,西新井病院第２,,,,東京都足立区西新井本町１丁目１１６７－２,,,,,,,,,,,,,,,,,,,,,,,,,,,,,,,,,,,,,,
,,,,,ロイヤルパークス赤羽アネックス,,,,東京都北区神谷3丁目15番37号,,,,,,,,,,,,,,,,,,,,,,,,,,,,,,,,,,,,,,
,,,,,ローソン東習志野,,,,千葉県習志野市東習志野５丁目２４５－１の一部,,,,,,,,,,,,,,,,,,,,,,,,,,,,,,,,,,,,,,
,,,,,イトマンスポーツスクエア北松戸,,,,千葉県松戸市上本郷３５６－２，３５７，３５８－１，３５８－２，３５６－１の一部,,,,,,,,,,,,,,,,,,,,,,,,,,,,,,,,,,,,,,
,,,,,稲毛東４丁目第１,,,,千葉県千葉市稲毛区稲毛東４丁目５９番１の一部,,,,,,,,,,,,,,,,,,,,,,,,,,,,,,,,,,,,,,
,,,,,松戸新田第２,,,,千葉県松戸市松戸新田字一本槻５８０－１の一部、５８０－９、５８０－１１、５８０－１２,,,,,,,,,,,,,,,,,,,,,,,,,,,,,,,,,,,,,,
,,,,,松戸馬橋駅前パーキング,,,,千葉県松戸市西馬橋蔵元町６０,,,,,,,,,,,,,,,,,,,,,,,,,,,,,,,,,,,,,,
,,,,,瀬谷三ツ境,,,,神奈川県横浜市瀬谷区三ツ境１１２－１の一部、１１２－２１の一部,,,,,,,,,,,,,,,,,,,,,,,,,,,,,,,,,,,,,,
,,,,,下鶴間第１,,,,神奈川県大和市下鶴間４３８９－９、４３８９－１４の一部,,,,,,,,,,,,,,,,,,,,,,,,,,,,,,,,,,,,,,
,,,,,中田西一丁目第１,,,,神奈川県横浜市泉区中田西１丁目２６１６－３の一部,,,,,,,,,,,,,,,,,,,,,,,,,,,,,,,,,,,,,,
,,,,,相模原千代田２丁目第１,,,,神奈川県相模原市中央区千代田２丁目１０－１２,,,,,,,,,,,,,,,,,,,,,,,,,,,,,,,,,,,,,,
,,,,,星川１丁目第３,,,,神奈川県横浜市保土ケ谷区星川１丁目１４７番３,,,,,,,,,,,,,,,,,,,,,,,,,,,,,,,,,,,,,,
,,,,,幸浦１丁目第１,,,,神奈川県横浜市金沢区幸浦１丁目２－３,,,,,,,,,,,,,,,,,,,,,,,,,,,,,,,,,,,,,,
,,,,,相武台１丁目第１,,,,神奈川県相模原市南区相武台１丁目３２４４－１,,,,,,,,,,,,,,,,,,,,,,,,,,,,,,,,,,,,,,
,,,,,登戸新町第１,,,,神奈川県川崎市多摩区登戸新町１２０,,,,,,,,,,,,,,,,,,,,,,,,,,,,,,,,,,,,,,
,,,,,下鶴間２丁目第１,,,,神奈川県大和市下鶴間２丁目２８２６－６、２８２６－７,,,,,,,,,,,,,,,,,,,,,,,,,,,,,,,,,,,,,,
,,,,,橋本台一丁目第１,,,,神奈川県相模原市緑区橋本台１丁目８－６,,,,,,,,,,,,,,,,,,,,,,,,,,,,,,,,,,,,,,
,,,,,南越谷駅前駐輪場,,,,埼玉県越谷市南越谷１丁目１７－７、１７－１９,,,,,,,,,,,,,,,,,,,,,,,,,,,,,,,,,,,,,,
,,,,,新座市新堀３丁目第２,,,,埼玉県新座市新堀３丁目１５４－１,,,,,,,,,,,,,,,,,,,,,,,,,,,,,,,,,,,,,,
,,,,,八潮市大瀬一丁目第１,,,,埼玉県八潮市大瀬１丁目１１番１９,,,,,,,,,,,,,,,,,,,,,,,,,,,,,,,,,,,,,,
,,,,,クレアゴルフフィールド,,,,埼玉県所沢市東所沢和田３丁目３－１４の一部、１３－１５の一部、１３－１６の一部、１３－１７の一部,,,,,,,,,,,,,,,,,,,,,,,,,,,,,,,,,,,,,,
,,,,,熊谷市弥生２丁目第１,,,,埼玉県熊谷市弥生２丁目６８,,,,,,,,,,,,,,,,,,,,,,,,,,,,,,,,,,,,,,
,,,,,青木信用金庫朝日店,,,,埼玉県川口市朝日２丁目２７－１５,,,,,,,,,,,,,,,,,,,,,,,,,,,,,,,,,,,,,,
,,,,,坂戸泉町月極駐車場,,,,埼玉県坂戸市泉町２７８－１,,,,,,,,,,,,,,,,,,,,,,,,,,,,,,,,,,,,,,
,,,,,土浦桜町第一,,,,茨城県土浦市桜町２丁目３１７０－１,,,,,,,,,,,,,,,,,,,,,,,,,,,,,,,,,,,,,,
,,,,,水戸泉町３丁目第一,,,,茨城県水戸市泉町３丁目５８－１,,,,,,,,,,,,,,,,,,,,,,,,,,,,,,,,,,,,,,
,,,,,宿郷一丁目第一,,,,栃木県宇都宮市宿郷１丁目５番２,,,,,,,,,,,,,,,,,,,,,,,,,,,,,,,,,,,,,,
,,,,,元今泉一丁目第一,,,,栃木県宇都宮市元今泉１丁目７－２５　他３筆,,,,,,,,,,,,,,,,,,,,,,,,,,,,,,,,,,,,,,
,,,,,足利小山信用金庫駅東支店,,,,栃木県小山市駅東通り２丁目７７番１　他２筆,,,,,,,,,,,,,,,,,,,,,,,,,,,,,,,,,,,,,,
,,,,,前橋大手町１丁目,,,,群馬県前橋市大手町１丁目１１５番１,,,,,,,,,,,,,,,,,,,,,,,,,,,,,,,,,,,,,,
,,,,,アートパーク高崎東,,,,群馬県高崎市双葉町２０９－３,,,,,,,,,,,,,,,,,,,,,,,,,,,,,,,,,,,,,,
,,,,,西大畑,,,,新潟県新潟市中央区西大畑町５７９－１,,,,,,,,,,,,,,,,,,,,,,,,,,,,,,,,,,,,,,
,,,,,小針駅南口,,,,新潟県新潟市西区小針南台１７１５－５,,,,,,,,,,,,,,,,,,,,,,,,,,,,,,,,,,,,,,
,,,,,総曲輪２丁目第１,,,,富山県富山市総曲輪２丁目１－２の一部・１－３の一部,,,,,,,,,,,,,,,,,,,,,,,,,,,,,,,,,,,,,,
,,,,,富山五福月極駐車場,,,,富山県富山市五福字蓮骨５４８１番１６,,,,,,,,,,,,,,,,,,,,,,,,,,,,,,,,,,,,,,
,,,,,黒瀬北町２丁目駐車場,,,,富山県富山市黒瀬北町２丁目１８－５,,,,,,,,,,,,,,,,,,,,,,,,,,,,,,,,,,,,,,
,,,,,今泉月極駐車場,,,,富山県富山市今泉西部町３－１４,,,,,,,,,,,,,,,,,,,,,,,,,,,,,,,,,,,,,,
,,,,,金沢市尾張町１丁目第１,,,,石川県金沢市尾張町１丁目５５番,,,,,,,,,,,,,,,,,,,,,,,,,,,,,,,,,,,,,,
,,,,,金沢市森本駅前月極駐車場,,,,石川県金沢市吉原町ホ４３番１、６２番２、６２番３,,,,,,,,,,,,,,,,,,,,,,,,,,,,,,,,,,,,,,
,,,,,野々市三日市月極駐車場,,,,石川県野々市市三日市１丁目１４,,,,,,,,,,,,,,,,,,,,,,,,,,,,,,,,,,,,,,
,,,,,諏訪４丁目,,,,大阪府大阪市城東区諏訪４丁目４１番１,,,,,,,,,,,,,,,,,,,,,,,,,,,,,,,,,,,,,,
,,,,,敷津西１丁目,,,,大阪府大阪市浪速区敷津西１丁目３－２３,,,,,,,,,,,,,,,,,,,,,,,,,,,,,,,,,,,,,,
,,,,,東小橋３丁目,,,,大阪府大阪市東成区東小橋３丁目１７５－２０,,,,,,,,,,,,,,,,,,,,,,,,,,,,,,,,,,,,,,
,,,,,御厨栄町,,,,大阪府東大阪市御厨栄町２丁目１９８,,,,,,,,,,,,,,,,,,,,,,,,,,,,,,,,,,,,,,
,,,,,花園ラグビー場西,,,,大阪府東大阪市吉田本町１丁目２－８の一部、２－９、２－４６、２－５７,,,,,,,,,,,,,,,,,,,,,,,,,,,,,,,,,,,,,,
,,,,,弥刀第１,,,,大阪府東大阪市友井２丁目１５８－３の一部,,,,,,,,,,,,,,,,,,,,,,,,,,,,,,,,,,,,,,
,,,,,なかもず第１,,,,大阪府堺市北区中百舌鳥町１丁２２５番１、２２５番２,,,,,,,,,,,,,,,,,,,,,,,,,,,,,,,,,,,,,,
,,,,,弥刀第２,,,,大阪府東大阪市友井２丁目１４８－１の一部,,,,,,,,,,,,,,,,,,,,,,,,,,,,,,,,,,,,,,
,,,,,大美野第１,,,,大阪府堺市東区大美野３４番７、３４番８,,,,,,,,,,,,,,,,,,,,,,,,,,,,,,,,,,,,,,
,,,,,勝山南１丁目,,,,大阪府大阪市生野区勝山南１丁目１番１の内,,,,,,,,,,,,,,,,,,,,,,,,,,,,,,,,,,,,,,
,,,,,佃４丁目第１,,,,大阪府大阪市西淀川区佃４丁目８６,,,,,,,,,,,,,,,,,,,,,,,,,,,,,,,,,,,,,,
,,,,,川西駅前第１,,,,大阪府富田林市甲田５丁目２０６－１,,,,,,,,,,,,,,,,,,,,,,,,,,,,,,,,,,,,,,
,,,,,御厨栄町第２,,,,大阪府東大阪市御厨栄町２丁目１９６－４、１９６－５、１９６－７,,,,,,,,,,,,,,,,,,,,,,,,,,,,,,,,,,,,,,
,,,,,弥刀第３,,,,大阪府東大阪市友井２丁目１４４番１９,,,,,,,,,,,,,,,,,,,,,,,,,,,,,,,,,,,,,,
,,,,,深江北３丁目第２,,,,大阪府大阪市東成区深江北３丁目１３－３他３筆,,,,,,,,,,,,,,,,,,,,,,,,,,,,,,,,,,,,,,
,,,,,東天満２丁目第１,,,,大阪府大阪市北区東天満２丁目４０、４１,,,,,,,,,,,,,,,,,,,,,,,,,,,,,,,,,,,,,,
,,,,,松ノ浜駅前第１,,,,大阪府泉大津市二田町１丁目８９７－３、８９７－７、１９４－３、１９４－８の一部,,,,,,,,,,,,,,,,,,,,,,,,,,,,,,,,,,,,,,
,,,,,引野町第１,,,,大阪府堺市東区引野町１丁９０－２,,,,,,,,,,,,,,,,,,,,,,,,,,,,,,,,,,,,,,
,,,,,安土町１丁目第１,,,,大阪府大阪市中央区安土町１丁目２１－３、２１－４,,,,,,,,,,,,,,,,,,,,,,,,,,,,,,,,,,,,,,
,,,,,泉尾１丁目第１,,,,大阪府大阪市大正区泉尾１丁目７４－１,,,,,,,,,,,,,,,,,,,,,,,,,,,,,,,,,,,,,,
,,,,,農人橋２丁目第１,,,,大阪府大阪市中央区農人橋２丁目１８－１,,,,,,,,,,,,,,,,,,,,,,,,,,,,,,,,,,,,,,
,,,,,玉造駅前第１,,,,大阪府大阪市東成区東小橋１丁目８－３，８－４，８－５，８－６,,,,,,,,,,,,,,,,,,,,,,,,,,,,,,,,,,,,,,
,,,,,清水丘２丁目第１,,,,大阪府大阪市住吉区清水丘２丁目１２－１、１２－２２、１２－３,,,,,,,,,,,,,,,,,,,,,,,,,,,,,,,,,,,,,,
,,,,,吉田駅前第１,,,,大阪府東大阪市今米１丁目２－１６、２－１７,,,,,,,,,,,,,,,,,,,,,,,,,,,,,,,,,,,,,,
,,,,,阪南町７丁目第１,,,,大阪府大阪市阿倍野区阪南町７丁目５９,,,,,,,,,,,,,,,,,,,,,,,,,,,,,,,,,,,,,,
,,,,,南余部第１,,,,大阪府堺市美原区南余部３７９－２,,,,,,,,,,,,,,,,,,,,,,,,,,,,,,,,,,,,,,
,,,,,額田駅前第１,,,,大阪府東大阪市山手町６５５－２の一部,,,,,,,,,,,,,,,,,,,,,,,,,,,,,,,,,,,,,,
,,,,,元町高架通第１,,,,兵庫県神戸市中央区元町高架通３－４,,,,,,,,,,,,,,,,,,,,,,,,,,,,,,,,,,,,,,
,,,,,道修町１丁目第１,,,,大阪府大阪市中央区道修町１丁目２番,,,,,,,,,,,,,,,,,,,,,,,,,,,,,,,,,,,,,,
,,,,,川西駅前第２,,,,大阪府富田林市甲田５丁目２１２－６,,,,,,,,,,,,,,,,,,,,,,,,,,,,,,,,,,,,,,
,,,,,勝山南１丁目第２,,,,大阪府大阪市生野区勝山南１丁目１－１５,,,,,,,,,,,,,,,,,,,,,,,,,,,,,,,,,,,,,,
,,,,,羽倉崎駅前駐輪場,,,,大阪府泉佐野市羽倉崎上町１丁目３２９６－５,,,,,,,,,,,,,,,,,,,,,,,,,,,,,,,,,,,,,,
,,,,,南都銀行初芝支店,,,,大阪府堺市東区日置荘西町１丁９８４番３の一部,,,,,,,,,,,,,,,,,,,,,,,,,,,,,,,,,,,,,,
,,,,,ムコダンモール,,,,兵庫県西宮市高須町１丁目１－６、１－２７,,,,,,,,,,,,,,,,,,,,,,,,,,,,,,,,,,,,,,
,,,,,スターバックス堺百舌鳥店,,,,大阪府堺市北区百舌鳥陵南町２丁６３３－１、６２１－１、６２１－２、６３１、６３２、６３３－２,,,,,,,,,,,,,,,,,,,,,,,,,,,,,,,,,,,,,,
,,,,,コスパあやめ池,,,,奈良県奈良市あやめ池北３丁目１５０１,,,,,,,,,,,,,,,,,,,,,,,,,,,,,,,,,,,,,,
,,,,,ココカラファイン広田店,,,,兵庫県西宮市室川町１０９－２,,,,,,,,,,,,,,,,,,,,,,,,,,,,,,,,,,,,,,
,,,,,恵美須西３丁目第１,,,,大阪府大阪市浪速区恵美須西３丁目５９－３,,,,,,,,,,,,,,,,,,,,,,,,,,,,,,,,,,,,,,
,,,,,ゴルフギアサージ千里箕面店,,,,大阪府箕面市船場東３丁目３－１,,,,,,,,,,,,,,,,,,,,,,,,,,,,,,,,,,,,,,
,,,,,マルハチ名谷駅前店,,,,兵庫県神戸市須磨区西落合１丁目２－２、２－３,,,,,,,,,,,,,,,,,,,,,,,,,,,,,,,,,,,,,,
,,,,,広田町クリニックモール,,,,兵庫県西宮市柳本町２７－３,,,,,,,,,,,,,,,,,,,,,,,,,,,,,,,,,,,,,,
,,,,,芦屋楠町,,,,兵庫県芦屋市楠町２６－２、２７－２、２９,,,,,,,,,,,,,,,,,,,,,,,,,,,,,,,,,,,,,,
,,,,,深井水池町第１,,,,大阪府堺市中区深井水池町３２１６,,,,,,,,,,,,,,,,,,,,,,,,,,,,,,,,,,,,,,
,,,,,大島町月極駐車場,,,,大阪府豊中市大島町２丁目２７２－１、２７２－３,,,,,,,,,,,,,,,,,,,,,,,,,,,,,,,,,,,,,,
,,,,,テクニカルパーク天神橋３丁目,,,,大阪府大阪市北区天神橋３丁目１１－５,,,,,,,,,,,,,,,,,,,,,,,,,,,,,,,,,,,,,,
,,,,,テクニカルパーク天満４丁目,,,,大阪府大阪市北区天満４丁目４０－１,,,,,,,,,,,,,,,,,,,,,,,,,,,,,,,,,,,,,,
,,,,,七道駅前,,,,大阪府堺市堺区三宝町２丁１３１－４,,,,,,,,,,,,,,,,,,,,,,,,,,,,,,,,,,,,,,
,,,,,タイムパーク松屋町,,,,大阪府大阪市中央区松屋町住吉１４－１,,,,,,,,,,,,,,,,,,,,,,,,,,,,,,,,,,,,,,
,,,,,タイムパーク鳳東町第１,,,,大阪府堺市西区鳳東町７丁８２３－１,,,,,,,,,,,,,,,,,,,,,,,,,,,,,,,,,,,,,,
,,,,,タイムパーク放出西,,,,大阪府大阪市城東区放出西２丁目４０－８,,,,,,,,,,,,,,,,,,,,,,,,,,,,,,,,,,,,,,
,,,,,タイムパーク鳳西町１丁,,,,大阪府堺市西区鳳西町１丁７３番４、７３番５の一部,,,,,,,,,,,,,,,,,,,,,,,,,,,,,,,,,,,,,,
,,,,,サンドラッグ東三国店,,,,大阪府 大阪市淀川区 東三国 ４丁目 ２５－１０ ,,,,,,,,,,,,,,,,,,,,,,,,,,,,,,,,,,,,,,
,,,,,上野芝月極駐車場,,,,大阪府堺市西区上野芝町2丁２３９－１,,,,,,,,,,,,,,,,,,,,,,,,,,,,,,,,,,,,,,
,,,,,ヤマイチＰＬＡＺＡさくら夙川店,,,,兵庫県西宮市常磐町１－１他３筆,,,,,,,,,,,,,,,,,,,,,,,,,,,,,,,,,,,,,,
,,,,,フレスポ門真南,,,,大阪府門真市三ツ島３丁目５－３１号,,,,,,,,,,,,,,,,,,,,,,,,,,,,,,,,,,,,,,
,,,,,大津打出浜第１,,,,滋賀県大津市打出浜字石場４３３番４,,,,,,,,,,,,,,,,,,,,,,,,,,,,,,,,,,,,,,
,,,,,　コンフォートイン近江八幡,,,,滋賀県近江八幡市鷹飼町５１４－１,,,,,,,,,,,,,,,,,,,,,,,,,,,,,,,,,,,,,,
,,,,,大津打出浜月極駐車場,,,,滋賀県大津市打出浜字石場４３７,,,,,,,,,,,,,,,,,,,,,,,,,,,,,,,,,,,,,,
,,,,,二条駅西,,,,京都府京都市中京区西ノ京永本町２３番９,,,,,,,,,,,,,,,,,,,,,,,,,,,,,,,,,,,,,,
,,,,,西京極北大入町第１,,,,京都府京都市右京区西京極北大入町２２他計２筆,,,,,,,,,,,,,,,,,,,,,,,,,,,,,,,,,,,,,,
,,,,,南浜町第１,,,,京都府京都市伏見区南浜町２４８‐１の一部,,,,,,,,,,,,,,,,,,,,,,,,,,,,,,,,,,,,,,
,,,,,大塚南溝町第１,,,,京都府京都市山科区大塚南溝町６１－２の一部、６１－４の一部,,,,,,,,,,,,,,,,,,,,,,,,,,,,,,,,,,,,,,
,,,,,四条大宮北第１,,,,京都府京都市中京区下黒門町４６０番地,,,,,,,,,,,,,,,,,,,,,,,,,,,,,,,,,,,,,,
,,,,,四条大宮北第２,,,,京都府京都市中京区下黒門町４５６番１,,,,,,,,,,,,,,,,,,,,,,,,,,,,,,,,,,,,,,
,,,,,深草西浦町８丁目第１,,,,京都府京都市伏見区深草西浦町８丁目８７,,,,,,,,,,,,,,,,,,,,,,,,,,,,,,,,,,,,,,
,,,,,深草飯食町第１,,,,京都府京都市伏見区深草飯食町８０４番２,,,,,,,,,,,,,,,,,,,,,,,,,,,,,,,,,,,,,,
,,,,,坊門町第１,,,,京都府京都市下京区坊門町７６８,,,,,,,,,,,,,,,,,,,,,,,,,,,,,,,,,,,,,,
,,,,,深草西浦町４丁目第１,,,,京都府京都市伏見区深草西浦町４丁目７７番地,,,,,,,,,,,,,,,,,,,,,,,,,,,,,,,,,,,,,,
,,,,,香芝上中第１,,,,奈良県香芝市上中１７４－２、１７５－１,,,,,,,,,,,,,,,,,,,,,,,,,,,,,,,,,,,,,,
,,,,,ナラディーア,,,,奈良県生駒郡三郷町勢野北５丁目２１６２番２４の一部他,,,,,,,,,,,,,,,,,,,,,,,,,,,,,,,,,,,,,,
,,,,,奈良中央三菱自動車販売㈱従業員月極駐車場,,,,奈良県橿原市曲川町５丁目２７８－１、２７８－９,,,,,,,,,,,,,,,,,,,,,,,,,,,,,,,,,,,,,,
,,,,,大久保駅第一,,,,兵庫県明石市大久保町福田１５８,,,,,,,,,,,,,,,,,,,,,,,,,,,,,,,,,,,,,,
,,,,,尼崎西本町３丁目第１,,,,兵庫県尼崎市西本町３丁目２０番,,,,,,,,,,,,,,,,,,,,,,,,,,,,,,,,,,,,,,
,,,,,荒田町３丁目第１,,,,兵庫県神戸市兵庫区荒田町３丁目３番１９,,,,,,,,,,,,,,,,,,,,,,,,,,,,,,,,,,,,,,
,,,,,尼崎開明町２丁目第１,,,,兵庫県尼崎市開明町２丁目４０番,,,,,,,,,,,,,,,,,,,,,,,,,,,,,,,,,,,,,,
,,,,,灘区楠丘町６丁目第１,,,,兵庫県神戸市灘区楠丘町６丁目１－１,,,,,,,,,,,,,,,,,,,,,,,,,,,,,,,,,,,,,,
,,,,,上野通６丁目,,,,兵庫県神戸市灘区上野通６丁目１番６号,,,,,,,,,,,,,,,,,,,,,,,,,,,,,,,,,,,,,,
,,,,,南花屋敷４丁目第１,,,,兵庫県川西市南花屋敷４丁目２０８－１,,,,,,,,,,,,,,,,,,,,,,,,,,,,,,,,,,,,,,
,,,,,東灘区本山中町月極駐車場,,,,兵庫県神戸市東灘区本山中町１丁目５０,,,,,,,,,,,,,,,,,,,,,,,,,,,,,,,,,,,,,,
,,,,,姫路市坂元町第２,,,,兵庫県姫路市坂元町２１番,,,,,,,,,,,,,,,,,,,,,,,,,,,,,,,,,,,,,,
,,,,,加古川,,,,兵庫県加古川市加古川町溝之口字下船頭１０２－７,,,,,,,,,,,,,,,,,,,,,,,,,,,,,,,,,,,,,,
,,,,,高山駅前,,,,岐阜県高山市花里町５丁目１３－２（他５筆）,,,,,,,,,,,,,,,,,,,,,,,,,,,,,,,,,,,,,,
,,,,,大正町５丁目,,,,愛知県名古屋市中村区大正町５丁目５９－３（他１筆）,,,,,,,,,,,,,,,,,,,,,,,,,,,,,,,,,,,,,,
,,,,,柏森駅前,,,,愛知県丹羽郡扶桑町大字柏森字天神１１３番２（他３筆）,,,,,,,,,,,,,,,,,,,,,,,,,,,,,,,,,,,,,,
,,,,,ささしま,,,,愛知県名古屋市中村区平池町４丁目６０番５号,,,,,,,,,,,,,,,,,,,,,,,,,,,,,,,,,,,,,,
,,,,,百船町第一,,,,愛知県名古屋市中川区百船町１５０９番１,,,,,,,,,,,,,,,,,,,,,,,,,,,,,,,,,,,,,,
,,,,,中村区熊野町第１,,,,愛知県名古屋市中村区熊野町１丁目６２番１（他２筆）,,,,,,,,,,,,,,,,,,,,,,,,,,,,,,,,,,,,,,
,,,,,中川区運河町第１,,,,愛知県名古屋市中川区運河町５０１,,,,,,,,,,,,,,,,,,,,,,,,,,,,,,,,,,,,,,
,,,,,豊橋野黒町第１,,,,愛知県豊橋市野黒町４,,,,,,,,,,,,,,,,,,,,,,,,,,,,,,,,,,,,,,
,,,,,千種区大久手町第１,,,,愛知県名古屋市千種区大久手町５丁目１４,,,,,,,,,,,,,,,,,,,,,,,,,,,,,,,,,,,,,,
,,,,,中川区小本本町第１,,,,愛知県名古屋市中川区小本本町１丁目９５,,,,,,,,,,,,,,,,,,,,,,,,,,,,,,,,,,,,,,
,,,,,運河町第２,,,,愛知県名古屋市中川区運河町１１街区４、５,,,,,,,,,,,,,,,,,,,,,,,,,,,,,,,,,,,,,,
,,,,,北区大曽根４丁目第１,,,,愛知県名古屋市北区大曽根４丁目３２１,,,,,,,,,,,,,,,,,,,,,,,,,,,,,,,,,,,,,,
,,,,,鳥見町４丁目第１,,,,愛知県名古屋市西区鳥見町４丁目５－１、６－１、７－１,,,,,,,,,,,,,,,,,,,,,,,,,,,,,,,,,,,,,,
,,,,,向陽町２丁目第１,,,,愛知県名古屋市千種区向陽町２丁目３２、３３－１、３３－２,,,,,,,,,,,,,,,,,,,,,,,,,,,,,,,,,,,,,,
,,,,,川澄町２丁目第１,,,,愛知県名古屋市瑞穂区川澄町２丁目１７番３,,,,,,,,,,,,,,,,,,,,,,,,,,,,,,,,,,,,,,
,,,,,勝川駅前第１,,,,愛知県春日井市角崎町５,,,,,,,,,,,,,,,,,,,,,,,,,,,,,,,,,,,,,,
,,,,,富士見町第１,,,,愛知県名古屋市中区富士見町６１４－１,,,,,,,,,,,,,,,,,,,,,,,,,,,,,,,,,,,,,,
,,,,,松葉町３丁目第１,,,,愛知県名古屋市中川区松葉町３丁目５３の一部,,,,,,,,,,,,,,,,,,,,,,,,,,,,,,,,,,,,,,
,,,,,中区錦３丁目第３,,,,愛知県名古屋市中区錦３丁目２２３２,,,,,,,,,,,,,,,,,,,,,,,,,,,,,,,,,,,,,,
,,,,,中村区若宮町３丁目第１,,,,愛知県名古屋市中村区若宮町３丁目４８・４８－２・若宮町１丁目２７－１,,,,,,,,,,,,,,,,,,,,,,,,,,,,,,,,,,,,,,
,,,,,新尾頭３丁目第１,,,,愛知県名古屋市熱田区新尾頭３丁目３１３,,,,,,,,,,,,,,,,,,,,,,,,,,,,,,,,,,,,,,
,,,,,桜山駅前,,,,愛知県名古屋市瑞穂区桜見町２丁目９－１,,,,,,,,,,,,,,,,,,,,,,,,,,,,,,,,,,,,,,
,,,,,運河町第３,,,,愛知県名古屋市中川区運河町１４街区４、５、６,,,,,,,,,,,,,,,,,,,,,,,,,,,,,,,,,,,,,,
,,,,,北区山田２丁目第１,,,,愛知県名古屋市北区山田２丁目４０２,,,,,,,,,,,,,,,,,,,,,,,,,,,,,,,,,,,,,,
,,,,,守山区大谷町月極駐車場 ,,,,愛知県 名古屋市守山区 大谷町 ２０４ ,,,,,,,,,,,,,,,,,,,,,,,,,,,,,,,,,,,,,,
,,,,,洋服の青山八事店,,,,愛知県名古屋市天白区八事石坂１３２番の一部　他３筆,,,,,,,,,,,,,,,,,,,,,,,,,,,,,,,,,,,,,,
,,,,,ささしまライブ２４エリア月極駐車場,,,,愛知県名古屋市中川区運河町１１街区　９－２,,,,,,,,,,,,,,,,,,,,,,,,,,,,,,,,,,,,,,
,,,,,ささしまライブ２４　月極駐車場第２,,,,愛知県名古屋市中川区運河町ささしまライブ２４土地区画整理事業内１１ブロック３,,,,,,,,,,,,,,,,,,,,,,,,,,,,,,,,,,,,,,
,,,,,柏森月極駐車場,,,,愛知県丹羽郡扶桑町大字柏森字天神３７３,,,,,,,,,,,,,,,,,,,,,,,,,,,,,,,,,,,,,,
,,,,,名古屋市緑区神沢３丁目月極駐車場,,,,愛知県名古屋市緑区神沢３丁目７０８－１,,,,,,,,,,,,,,,,,,,,,,,,,,,,,,,,,,,,,,
,,,,,丹羽郡大口町月極駐車場,,,,愛知県丹羽郡大口町中小口４丁目２４－１の一部,,,,,,,,,,,,,,,,,,,,,,,,,,,,,,,,,,,,,,
,,,,,安城市赤松町月極駐車場,,,,愛知県安城市赤松町堀切８７の一部、８６の一部,,,,,,,,,,,,,,,,,,,,,,,,,,,,,,,,,,,,,,
,,,,,茶屋ヶ坂駅前,,,,,,,,,,,,,,,,,,,,,,,,,,,,,,,,,,,,,,,,,,
,,,,,沼津高島町,,,,静岡県沼津市高島町１８－１６他,,,,,,,,,,,,,,,,,,,,,,,,,,,,,,,,,,,,,,
,,,,,葵区柳町,,,,静岡県静岡市葵区柳町９５－７の一部,,,,,,,,,,,,,,,,,,,,,,,,,,,,,,,,,,,,,,
,,,,,葵区富士見町,,,,静岡県静岡市葵区富士見町３－１の一部,,,,,,,,,,,,,,,,,,,,,,,,,,,,,,,,,,,,,,
,,,,,葵区田町４丁目,,,,静岡県静岡市葵区田町４丁目６－１他,,,,,,,,,,,,,,,,,,,,,,,,,,,,,,,,,,,,,,
,,,,,三重大学前第１,,,,三重県津市栗真町屋町字東浜１７１２番１、１７１０番３　の一部,,,,,,,,,,,,,,,,,,,,,,,,,,,,,,,,,,,,,,
,,,,,三重大学前第２,,,,三重県津市栗真町屋町字東浜１６９１－７の一部,,,,,,,,,,,,,,,,,,,,,,,,,,,,,,,,,,,,,,
,,,,,江戸橋駅前第１,,,,三重県津市上浜町３丁目４８－１の一部,,,,,,,,,,,,,,,,,,,,,,,,,,,,,,,,,,,,,,
,,,,,鳥羽市鳥羽三丁目月極駐車場,,,,三重県鳥羽市鳥羽３丁目２３５９－６、４丁目２３６０－５,,,,,,,,,,,,,,,,,,,,,,,,,,,,,,,,,,,,,,
,,,,,スターバックスコーヒー松阪塚本店　従業員駐車場,,,,三重県松阪市塚本町８１ー７,,,,,,,,,,,,,,,,,,,,,,,,,,,,,,,,,,,,,,
,,,,,広島大宮町,,,,広島県広島市西区大宮２丁目１０番１号,,,,,,,,,,,,,,,,,,,,,,,,,,,,,,,,,,,,,,
,,,,,広島中広１丁目　第２駐車場,,,,広島県広島市西区中広町１丁目７番９,,,,,,,,,,,,,,,,,,,,,,,,,,,,,,,,,,,,,,
,,,,,上天満町　第２駐車場,,,,広島県広島市西区上天満町１－１８,,,,,,,,,,,,,,,,,,,,,,,,,,,,,,,,,,,,,,
,,,,,翠２丁目第１,,,,広島県広島市南区翠２丁目１１４７－３,,,,,,,,,,,,,,,,,,,,,,,,,,,,,,,,,,,,,,
,,,,,呉中通３丁目第１,,,,広島県呉市中通３丁目３－４,,,,,,,,,,,,,,,,,,,,,,,,,,,,,,,,,,,,,,
,,,,,霞１丁目,,,,広島県福山市霞町１丁目９５番地,,,,,,,,,,,,,,,,,,,,,,,,,,,,,,,,,,,,,,
,,,,,吉島町第二,,,,広島県広島市中区吉島町５－１,,,,,,,,,,,,,,,,,,,,,,,,,,,,,,,,,,,,,,
,,,,,吉島町第一,,,,広島県広島市中区吉島町７－１,,,,,,,,,,,,,,,,,,,,,,,,,,,,,,,,,,,,,,
,,,,,東観音町第１,,,,広島県広島市西区観音町２－１,,,,,,,,,,,,,,,,,,,,,,,,,,,,,,,,,,,,,,
,,,,,丸之内２丁目第１,,,,広島県福山市丸之内２丁目２３－１,,,,,,,,,,,,,,,,,,,,,,,,,,,,,,,,,,,,,,
,,,,,西町２丁目第１,,,,広島県福山市西町２丁目５４－２　他,,,,,,,,,,,,,,,,,,,,,,,,,,,,,,,,,,,,,,
,,,,,クラフトパーキング,,,,広島県三原市城町１丁目６１０－３,,,,,,,,,,,,,,,,,,,,,,,,,,,,,,,,,,,,,,
,,,,,丸之内１丁目第１,,,,広島県福山市丸之内１丁目４－２,,,,,,,,,,,,,,,,,,,,,,,,,,,,,,,,,,,,,,
,,,,,西蟹屋３丁目第１,,,,広島県広島市南区西蟹屋３丁目２番１,,,,,,,,,,,,,,,,,,,,,,,,,,,,,,,,,,,,,,
,,,,,宮の町２丁目第２,,,,広島県安芸郡府中町宮の町２丁目３４３８－１,,,,,,,,,,,,,,,,,,,,,,,,,,,,,,,,,,,,,,
,,,,,福山市三之丸町第２,,,,広島県福山市三之丸町１０８他２筆,,,,,,,,,,,,,,,,,,,,,,,,,,,,,,,,,,,,,,
,,,,,ピュアークック牛田店,,,,広島県広島市東区牛田新町３丁目４５－１,,,,,,,,,,,,,,,,,,,,,,,,,,,,,,,,,,,,,,
,,,,,もみじ銀行牛田支店,,,,広島県広島市東区牛田本町４丁目１２２２－１,,,,,,,,,,,,,,,,,,,,,,,,,,,,,,,,,,,,,,
,,,,,吉見園第１,,,,広島県広島市佐伯区吉見園７１６番１　他,,,,,,,,,,,,,,,,,,,,,,,,,,,,,,,,,,,,,,
,,,,,岡山大学町,,,,岡山県岡山市北区大学町６番１０１、１０２,,,,,,,,,,,,,,,,,,,,,,,,,,,,,,,,,,,,,,
,,,,,岡山学南町,,,,岡山県岡山市北区学南町１丁目９１－２の一部,,,,,,,,,,,,,,,,,,,,,,,,,,,,,,,,,,,,,,
,,,,,麻里布町６丁目第一,,,,山口県岩国市麻里布町６丁目１１,,,,,,,,,,,,,,,,,,,,,,,,,,,,,,,,,,,,,,
,,,,,大和町１丁目第１,,,,山口県下関市大和町１丁目３－１８　他５筆,,,,,,,,,,,,,,,,,,,,,,,,,,,,,,,,,,,,,,
,,,,,小郡黄金町月極駐車場,,,,山口県山口市小郡黄金町５,,,,,,,,,,,,,,,,,,,,,,,,,,,,,,,,,,,,,,
,,,,,大市町第１,,,,山口県山口市大市町１９,,,,,,,,,,,,,,,,,,,,,,,,,,,,,,,,,,,,,,
,,,,,高松瓦町２丁目第１,,,,香川県高松市瓦町２丁目３－４,,,,,,,,,,,,,,,,,,,,,,,,,,,,,,,,,,,,,,
,,,,,松山春日町第１駐車場,,,,愛媛県松山市春日町１２番９,,,,,,,,,,,,,,,,,,,,,,,,,,,,,,,,,,,,,,
,,,,,伊佐爾波神社,,,,愛媛県松山市桜谷町甲１７３番,,,,,,,,,,,,,,,,,,,,,,,,,,,,,,,,,,,,,,
,,,,,白金１丁目第５,,,,福岡県福岡市中央区白金１丁目１７号２２番１,,,,,,,,,,,,,,,,,,,,,,,,,,,,,,,,,,,,,,
,,,,,東比恵２丁目第３,,,,福岡県福岡市博多区東比恵２丁目２５６,,,,,,,,,,,,,,,,,,,,,,,,,,,,,,,,,,,,,,
,,,,,鳥飼６丁目第２,,,,福岡県福岡市城南区鳥飼６丁目１６番１,,,,,,,,,,,,,,,,,,,,,,,,,,,,,,,,,,,,,,
,,,,,南区清水３丁目第１,,,,福岡県福岡市南区清水３丁目２１－３,,,,,,,,,,,,,,,,,,,,,,,,,,,,,,,,,,,,,,
,,,,,小倉北区朝日ヶ丘第１,,,,福岡県北九州市小倉北区朝日ケ丘１－３９、１－４０,,,,,,,,,,,,,,,,,,,,,,,,,,,,,,,,,,,,,,
,,,,,ローソン地行３丁目,,,,福岡県福岡市中央区地行３丁目２９－１６,,,,,,,,,,,,,,,,,,,,,,,,,,,,,,,,,,,,,,
,,,,,長住２丁目第３,,,,福岡県福岡市南区長住２丁目１９区２６４－９の一部,,,,,,,,,,,,,,,,,,,,,,,,,,,,,,,,,,,,,,
,,,,,ドコモショップ大橋店,,,,福岡県福岡市南区大橋１丁目,,,,,,,,,,,,,,,,,,,,,,,,,,,,,,,,,,,,,,
,,,,,ドラッグイレブン博多駅南店,,,,福岡県福岡市博多区博多駅南３丁目,,,,,,,,,,,,,,,,,,,,,,,,,,,,,,,,,,,,,,
,,,,,ソフトバンク小倉片野,,,,福岡県北九州市小倉北区黄金２丁目１５０ー２,,,,,,,,,,,,,,,,,,,,,,,,,,,,,,,,,,,,,,
,,,,,北九州銀行赤坂門支店,,,,福岡県福岡市中央区舞鶴２丁目２－８,,,,,,,,,,,,,,,,,,,,,,,,,,,,,,,,,,,,,,
,,,,,八幡西区浅川２丁目第１,,,,福岡県北九州市八幡西区浅川２丁目１９－１,,,,,,,,,,,,,,,,,,,,,,,,,,,,,,,,,,,,,,
,,,,,ピボットプラザ三ヶ森,,,,福岡県北九州市八幡西区三ケ森４丁目４０－１の一部,,,,,,,,,,,,,,,,,,,,,,,,,,,,,,,,,,,,,,
,,,,,ＹＳ,,,,福岡県福岡市中央区小笹３丁目１２５－３,,,,,,,,,,,,,,,,,,,,,,,,,,,,,,,,,,,,,,
,,,,,小田部５丁目第１　月極駐車場,,,,福岡県福岡市早良区小田部５丁目８２－１、８２－２,,,,,,,,,,,,,,,,,,,,,,,,,,,,,,,,,,,,,,
,,,,,ＦＢパーキング（御笠川３丁目）,,,,福岡県大野城市御笠川３丁目１－１１,,,,,,,,,,,,,,,,,,,,,,,,,,,,,,,,,,,,,,
,,,,,小田部５丁目第２　月極駐車場 ,,,,福岡県 福岡市早良区 小田部 ５丁目 ８３番,,,,,,,,,,,,,,,,,,,,,,,,,,,,,,,,,,,,,,
,,,,,万屋町第１,,,,長崎県長崎市万屋町２０３番,,,,,,,,,,,,,,,,,,,,,,,,,,,,,,,,,,,,,,
,,,,,麹屋町第１,,,,長崎県長崎市麹屋町３８‐２の一部　他１筆,,,,,,,,,,,,,,,,,,,,,,,,,,,,,,,,,,,,,,
,,,,,花丘町第２,,,,長崎県長崎市花丘町９６，９７,,,,,,,,,,,,,,,,,,,,,,,,,,,,,,,,,,,,,,
,,,,,府内町２丁目第１,,,,大分県大分市府内町２丁目９７－８,,,,,,,,,,,,,,,,,,,,,,,,,,,,,,,,,,,,,,
,,,,,長浜町１丁目,,,,大分県大分市長浜町１丁目１４２８－１，１４２８－２，１４２８－３,,,,,,,,,,,,,,,,,,,,,,,,,,,,,,,,,,,,,,
,,,,,拾六町１丁目第１,,,,福岡県福岡市西区拾六町１丁目２２－１,,,,,,,,,,,,,,,,,,,,,,,,,,,,,,,,,,,,,,
,,,,,コープ南春日店,,,,大分県大分市南春日町１２－５,,,,,,,,,,,,,,,,,,,,,,,,,,,,,,,,,,,,,,
,,,,,仁王さん通り第１,,,,熊本県熊本市中央区坪井２丁目１番１２号,,,,,,,,,,,,,,,,,,,,,,,,,,,,,,,,,,,,,,
,,,,,仁王さん通り第２,,,,熊本県熊本市中央区坪井２丁目１番１１の一部、１番１２番の一部,,,,,,,,,,,,,,,,,,,,,,,,,,,,,,,,,,,,,,
,,,,,名山町第１,,,,鹿児島県鹿児島市名山町１０‐１６,,,,,,,,,,,,,,,,,,,,,,,,,,,,,,,,,,,,,,
,,,,,鹿児島西田２丁目第１,,,,鹿児島県鹿児島市西田２丁目１９－１３　他１筆,,,,,,,,,,,,,,,,,,,,,,,,,,,,,,,,,,,,,,
,,,,,鹿児島加治屋町第１,,,,鹿児島県鹿児島市加治屋町１７－１２,,,,,,,,,,,,,,,,,,,,,,,,,,,,,,,,,,,,,,
,,,,,川内駅東口駐車場,,,,鹿児島県薩摩川内市平佐１丁目３,,,,,,,,,,,,,,,,,,,,,,,,,,,,,,,,,,,,,,
,,,,,安里第２,,,,沖縄県那覇市字安里４００番３,,,,,,,,,,,,,,,,,,,,,,,,,,,,,,,,,,,,,,
,,,,,ＳＣＳＫグループ沖縄センター立体駐車場管理委託,,,,沖縄県浦添市城間４丁目３５－２,,,,,,,,,,,,,,,,,,,,,,,,,,,,,,,,,,,,,,